plot_ref;plot_0.25;site;sp;genus;fam;dbh;h
JEU-L2;1;Yangambi;Garcinia epunctata;;;10;11,621134
JEU-L2;2;Yangambi;Staudtia kamerunensis;;;10;11,621134
JEU-L2;3;Yangambi;Chrysophyllum lacourtianum;;;10;11,621134
JEU-L2;8;Yangambi;Petersianthus macrocarpus;;;10;11,621134
JEU-L2;10;Yangambi;Drypetes paxii;;;10;11,621134
JEU-L2;1;Yangambi;Petersianthus macrocarpus;;;10,1;11,67989701
JEU-L2;4;Yangambi;Carapa procera;;;10,1;11,67989701
JEU-L2;5;Yangambi;Staudtia kamerunensis;;;10,1;11,67989701
JEU-L2;7;Yangambi;Trichilia prieuriana;;;10,1;11,67989701
JEU-L2;15;Yangambi;Garcinia epunctata;;;10,1;11,67989701
JEU-L2;16;Yangambi;Pycnanthus angolensis;;;10,1;11,67989701
JEU-L2;1;Yangambi;Staudtia kamerunensis;;;10,2;11,73837382
JEU-L2;12;Yangambi;indet indet;;;10,2;11,73837382
JEU-L2;14;Yangambi;Staudtia kamerunensis;;;10,2;11,73837382
JEU-L2;5;Yangambi;Anonidium mannii;;;10,3;11,79656861
JEU-L2;7;Yangambi;Carapa procera;;;10,3;11,79656861
JEU-L2;7;Yangambi;Staudtia kamerunensis;;;10,3;11,79656861
JEU-L2;8;Yangambi;Scorodophloeus zenkeri;;;10,3;11,79656861
JEU-L2;10;Yangambi;Drypetes gossweileri;;;10,3;11,79656861
JEU-L2;12;Yangambi;Vitex congolensis;;;10,3;11,79656861
JEU-L2;5;Yangambi;Staudtia kamerunensis;;;10,4;11,85448546
JEU-L2;8;Yangambi;Celtis mildbraedii;;;10,4;11,85448546
JEU-L2;8;Yangambi;Pancovia harmsiana;;;10,4;11,85448546
JEU-L2;10;Yangambi;Strombosia grandifolia;;;10,4;11,85448546
JEU-L2;11;Yangambi;Lovoa trichilioides;;;10,4;11,85448546
JEU-L2;13;Yangambi;Staudtia kamerunensis;;;10,4;11,85448546
JEU-L2;16;Yangambi;Leplaea thompsonii;;;10,4;11,85448546
JEU-L2;4;Yangambi;Tridesmostemon omphalocarpoides;;;10,5;11,91212836
JEU-L2;4;Yangambi;Trichilia indet;;;10,5;11,91212836
JEU-L2;8;Yangambi;Pancovia harmsiana;;;10,5;11,91212836
JEU-L2;10;Yangambi;Coelocaryon preussii;;;10,5;11,91212836
JEU-L2;11;Yangambi;Leplaea thompsonii;;;10,5;11,91212836
JEU-L2;12;Yangambi;Trichilia prieuriana;;;10,5;11,91212836
JEU-L2;12;Yangambi;Leplaea thompsonii;;;10,5;11,91212836
JEU-L2;2;Yangambi;Cola griseiflora;;;10,6;11,96950118
JEU-L2;11;Yangambi;Garcinia epunctata;;;10,6;11,96950118
JEU-L2;4;Yangambi;Trichilia prieuriana;;;10,7;12,02660772
JEU-L2;9;Yangambi;Dialium corbisieri;;;10,7;12,02660772
JEU-L2;9;Yangambi;Trichilia prieuriana;;;10,7;12,02660772
JEU-L2;15;Yangambi;Staudtia kamerunensis;;;10,7;12,02660772
JEU-L2;8;Yangambi;Leplaea thompsonii;;;10,9;12,14003673
JEU-L2;11;Yangambi;Celtis mildbraedii;;;10,9;12,14003673
JEU-L2;11;Yangambi;Pleiocarpa pycnantha;;;11;12,19636634
JEU-L2;14;Yangambi;Celtis tessmannii;;;11;12,19636634
JEU-L2;6;Yangambi;Carapa procera;;;11,1;12,25244401
JEU-L2;10;Yangambi;Strombosiopsis tetrandra;;;11,1;12,25244401
JEU-L2;14;Yangambi;Drypetes gossweileri;;;11,1;12,25244401
JEU-L2;1;Yangambi;Tridesmostemon omphalocarpoides;;;11,2;12,30827311
JEU-L2;2;Yangambi;Staudtia kamerunensis;;;11,2;12,30827311
JEU-L2;3;Yangambi;Strombosiopsis tetrandra;;;11,2;12,30827311
JEU-L2;11;Yangambi;Pancovia laurentii;;;11,2;12,30827311
JEU-L2;15;Yangambi;Cola griseiflora;;;11,2;12,30827311
JEU-L2;15;Yangambi;Staudtia kamerunensis;;;11,2;12,30827311
JEU-L2;16;Yangambi;Pleiocarpa pycnantha;;;11,2;12,30827311
JEU-L2;3;Yangambi;indet indet;;;11,3;12,36385695
JEU-L2;7;Yangambi;Staudtia kamerunensis;;;11,3;12,36385695
JEU-L2;11;Yangambi;Garcinia epunctata;;;11,3;12,36385695
JEU-L2;1;Yangambi;Drypetes gossweileri;;;11,4;12,41919877
JEU-L2;2;Yangambi;Cola griseiflora;;;11,4;12,41919877
JEU-L2;6;Yangambi;Coelocaryon botryoides;;;11,4;12,41919877
JEU-L2;7;Yangambi;Quassia undulata;;;11,4;12,41919877
JEU-L2;8;Yangambi;Trilepisium madagascariense;;;11,4;12,41919877
JEU-L2;10;Yangambi;Panda oleosa;;;11,4;12,41919877
JEU-L2;12;Yangambi;Dialium pachyphyllum;;;11,4;12,41919877
JEU-L2;7;Yangambi;Polyalthia suaveolens;;;11,5;12,47430171
JEU-L2;14;Yangambi;Pancovia laurentii;;;11,5;12,47430171
JEU-L2;16;Yangambi;Garcinia epunctata;;;11,6;12,52916889
JEU-L2;4;Yangambi;Cola griseiflora;;;11,7;12,58380333
JEU-L2;16;Yangambi;Coelocaryon preussii;;;11,7;12,58380333
JEU-L2;16;Yangambi;Polyalthia suaveolens;;;11,7;12,58380333
JEU-L2;6;Yangambi;Leplaea thompsonii;;;11,8;12,63820799
JEU-L2;7;Yangambi;Scorodophloeus zenkeri;;;11,8;12,63820799
JEU-L2;7;Yangambi;Celtis mildbraedii;;;11,8;12,63820799
JEU-L2;10;Yangambi;Afrostyrax lepidophyllus;;;11,8;12,63820799
JEU-L2;14;Yangambi;Garcinia epunctata;;;11,8;12,63820799
JEU-L2;16;Yangambi;Garcinia epunctata;;;11,8;12,63820799
JEU-L2;8;Yangambi;Petersianthus macrocarpus;;;11,9;12,69238577
JEU-L2;8;Yangambi;Irvingia grandifolia;;;11,9;12,69238577
JEU-L2;12;Yangambi;Scorodophloeus zenkeri;;;11,9;12,69238577
JEU-L2;1;Yangambi;Staudtia kamerunensis;;;12;12,74633952
JEU-L2;15;Yangambi;Barteria nigritana;;;12;12,74633952
JEU-L2;5;Yangambi;Anonidium mannii;;;12,1;12,80007201
JEU-L2;12;Yangambi;Pycnanthus angolensis;;;12,1;12,80007201
JEU-L2;13;Yangambi;Quassia undulata;;;12,1;12,80007201
JEU-L2;14;Yangambi;Staudtia kamerunensis;;;12,1;12,80007201
JEU-L2;15;Yangambi;Entandrophragma cylindricum;;;12,1;12,80007201
JEU-L2;5;Yangambi;Pancovia harmsiana;;;12,2;12,85358598
JEU-L2;11;Yangambi;Carapa procera;;;12,2;12,85358598
JEU-L2;13;Yangambi;Grossera multinervis;;;12,2;12,85358598
JEU-L2;15;Yangambi;Staudtia kamerunensis;;;12,2;12,85358598
JEU-L2;5;Yangambi;Polyalthia suaveolens;;;12,3;12,90688409
JEU-L2;5;Yangambi;Cynometra hankei;;;12,3;12,90688409
JEU-L2;7;Yangambi;Paropsia guineensis;;;12,3;12,90688409
JEU-L2;7;Yangambi;Diospyros hoyleana;;;12,3;12,90688409
JEU-L2;12;Yangambi;Staudtia kamerunensis;;;12,3;12,90688409
JEU-L2;16;Yangambi;Polyalthia suaveolens;;;12,3;12,90688409
JEU-L2;1;Yangambi;Garcinia epunctata;;;12,4;12,95996895
JEU-L2;4;Yangambi;Petersianthus macrocarpus;;;12,4;12,95996895
JEU-L2;8;Yangambi;Vitex congolensis;;;12,4;12,95996895
JEU-L2;10;Yangambi;Garcinia punctata;;;12,4;12,95996895
JEU-L2;12;Yangambi;Celtis mildbraedii;;;12,4;12,95996895
JEU-L2;8;Yangambi;Drypetes gossweileri;;;12,6;13,06550914
JEU-L2;5;Yangambi;Celtis mildbraedii;;;12,7;13,11796944
JEU-L2;7;Yangambi;Strombosia grandifolia;;;12,7;13,11796944
JEU-L2;13;Yangambi;Leplaea thompsonii;;;12,7;13,11796944
JEU-L2;2;Yangambi;Staudtia kamerunensis;;;12,8;13,17022645
JEU-L2;13;Yangambi;Tabernaemontana crassa;;;12,8;13,17022645
JEU-L2;8;Yangambi;Carapa procera;;;13;13,27414001
JEU-L2;5;Yangambi;Anonidium mannii;;;13,1;13,32580116
JEU-L2;4;Yangambi;Pancovia harmsiana;;;13,2;13,37726821
JEU-L2;10;Yangambi;Petersianthus macrocarpus;;;13,4;13,47962874
JEU-L2;10;Yangambi;Garcinia epunctata;;;13,4;13,47962874
JEU-L2;15;Yangambi;Garcinia epunctata;;;13,4;13,47962874
JEU-L2;2;Yangambi;Pancovia harmsiana;;;13,5;13,53052649
JEU-L2;6;Yangambi;Dialium pachyphyllum;;;13,6;13,58123867
JEU-L2;2;Yangambi;Strombosiopsis tetrandra;;;13,7;13,63176731
JEU-L2;9;Yangambi;Trilepisium madagascariense;;;13,7;13,63176731
JEU-L2;14;Yangambi;Maranthes glabra;;;13,7;13,63176731
JEU-L2;16;Yangambi;Polyalthia suaveolens;;;13,7;13,63176731
JEU-L2;8;Yangambi;Carapa procera;;;13,8;13,68211441
JEU-L2;10;Yangambi;Garcinia punctata;;;13,8;13,68211441
JEU-L2;16;Yangambi;Pancovia harmsiana;;;13,9;13,73228193
JEU-L2;4;Yangambi;Drypetes indet;;;14;13,78227179
JEU-L2;12;Yangambi;Staudtia kamerunensis;;;14;13,78227179
JEU-L2;12;Yangambi;Tabernaemontana crassa;;;14,1;13,83208589
JEU-L2;13;Yangambi;Leplaea thompsonii;;;14,2;13,88172608
JEU-L2;11;Yangambi;indet indet;;;14,3;13,9311942
JEU-L2;14;Yangambi;Allanblackia floribunda;;;14,4;13,98049202
JEU-L2;3;Yangambi;Strombosiopsis tetrandra;;;14,5;14,02962132
JEU-L2;7;Yangambi;Drypetes gossweileri;;;14,5;14,02962132
JEU-L2;3;Yangambi;Diospyros boala;;;14,6;14,07858384
JEU-L2;8;Yangambi;Petersianthus macrocarpus;;;14,6;14,07858384
JEU-L2;9;Yangambi;Celtis mildbraedii;;;14,6;14,07858384
JEU-L2;10;Yangambi;Staudtia kamerunensis;;;14,6;14,07858384
JEU-L2;13;Yangambi;Celtis tessmannii;;;14,7;14,12738126
JEU-L2;13;Yangambi;Carapa procera;;;14,7;14,12738126
JEU-L2;15;Yangambi;Coelocaryon preussii;;;14,8;14,17601527
JEU-L2;15;Yangambi;Staudtia kamerunensis;;;14,9;14,22448751
JEU-L2;7;Yangambi;Petersianthus macrocarpus;;;15;14,2727996
JEU-L2;8;Yangambi;Pentaclethra macrophylla;;;15;14,2727996
JEU-L2;11;Yangambi;Garcinia epunctata;;;15,1;14,32095313
JEU-L2;8;Yangambi;Entandrophragma angolense;;;15,2;14,36894967
JEU-L2;12;Yangambi;Scorodophloeus zenkeri;;;15,2;14,36894967
JEU-L2;2;Yangambi;Strombosiopsis tetrandra;;;15,3;14,41679075
JEU-L2;10;Yangambi;Strombosia grandifolia;;;15,3;14,41679075
JEU-L2;5;Yangambi;Rinorea indet;;;15,4;14,4644779
JEU-L2;12;Yangambi;Scorodophloeus zenkeri;;;15,4;14,4644779
JEU-L2;15;Yangambi;Drypetes paxii;;;15,4;14,4644779
JEU-L2;16;Yangambi;Polyalthia suaveolens;;;15,4;14,4644779
JEU-L2;3;Yangambi;Drypetes gossweileri;;;15,5;14,51201259
JEU-L2;3;Yangambi;Carapa procera;;;15,5;14,51201259
JEU-L2;12;Yangambi;Petersianthus macrocarpus;;;15,5;14,51201259
JEU-L2;15;Yangambi;Petersianthus macrocarpus;;;15,5;14,51201259
JEU-L2;10;Yangambi;Quassia undulata;;;15,7;14,60663048
JEU-L2;11;Yangambi;Garcinia epunctata;;;15,7;14,60663048
JEU-L2;13;Yangambi;Pancovia harmsiana;;;15,7;14,60663048
JEU-L2;2;Yangambi;Garcinia punctata;;;15,9;14,70065586
JEU-L2;2;Yangambi;Anonidium mannii;;;15,9;14,70065586
JEU-L2;11;Yangambi;Staudtia kamerunensis;;;15,9;14,70065586
JEU-L2;14;Yangambi;Pleiocarpa pycnantha;;;15,9;14,70065586
JEU-L2;10;Yangambi;Polyalthia suaveolens;;;16;14,74744985
JEU-L2;4;Yangambi;Carapa procera;;;16,2;14,84060718
JEU-L2;8;Yangambi;Allanblackia floribunda;;;16,2;14,84060718
JEU-L2;15;Yangambi;Panda oleosa;;;16,2;14,84060718
JEU-L2;12;Yangambi;Quassia undulata;;;16,4;14,9331991
JEU-L2;8;Yangambi;Treculia africana;;;16,5;14,97928625
JEU-L2;3;Yangambi;Garcinia smeathmannii;;;16,6;15,02523588
JEU-L2;12;Yangambi;Celtis mildbraedii;;;16,6;15,02523588
JEU-L2;8;Yangambi;Staudtia kamerunensis;;;16,7;15,07104921
JEU-L2;15;Yangambi;Drypetes gossweileri;;;16,7;15,07104921
JEU-L2;4;Yangambi;Scorodophloeus zenkeri;;;16,8;15,11672748
JEU-L2;6;Yangambi;Anonidium mannii;;;16,9;15,16227186
JEU-L2;7;Yangambi;Dacryodes edulis;;;16,9;15,16227186
JEU-L2;13;Yangambi;Staudtia kamerunensis;;;16,9;15,16227186
JEU-L2;14;Yangambi;Strombosia grandifolia;;;17;15,20768355
JEU-L2;7;Yangambi;Staudtia kamerunensis;;;17,2;15,29811349
JEU-L2;8;Yangambi;Garcinia epunctata;;;17,2;15,29811349
JEU-L2;15;Yangambi;Prioria balsamifera;;;17,4;15,3880264
JEU-L2;5;Yangambi;Polyalthia suaveolens;;;17,5;15,43279174
JEU-L2;9;Yangambi;Staudtia kamerunensis;;;17,5;15,43279174
JEU-L2;1;Yangambi;Strombosiopsis tetrandra;;;17,6;15,47743113
JEU-L2;16;Yangambi;Trichilia indet;;;17,6;15,47743113
JEU-L2;1;Yangambi;Polyalthia suaveolens;;;17,7;15,52194562
JEU-L2;9;Yangambi;Grossera multinervis;;;17,7;15,52194562
JEU-L2;13;Yangambi;Scorodophloeus zenkeri;;;17,8;15,56633627
JEU-L2;6;Yangambi;Polyalthia suaveolens;;;18;15,65475018
JEU-L2;9;Yangambi;Scorodophloeus zenkeri;;;18,1;15,69877548
JEU-L2;2;Yangambi;Strombosiopsis tetrandra;;;18,2;15,742681
JEU-L2;8;Yangambi;Scorodophloeus zenkeri;;;18,3;15,78646773
JEU-L2;7;Yangambi;Petersianthus macrocarpus;;;18,4;15,83013663
JEU-L2;16;Yangambi;Anonidium mannii;;;18,4;15,83013663
JEU-L2;2;Yangambi;Polyalthia suaveolens;;;18,5;15,87368866
JEU-L2;9;Yangambi;Grossera multinervis;;;18,8;16,00365287
JEU-L2;12;Yangambi;Strombosiopsis tetrandra;;;18,8;16,00365287
JEU-L2;4;Yangambi;Polyalthia suaveolens;;;19;16,08972825
JEU-L2;15;Yangambi;Scorodophloeus zenkeri;;;19,1;16,1325984
JEU-L2;3;Yangambi;Anonidium mannii;;;19,3;16,21800794
JEU-L2;1;Yangambi;Panda oleosa;;;19,8;16,42964175
JEU-L2;4;Yangambi;Polyalthia suaveolens;;;19,8;16,42964175
JEU-L2;10;Yangambi;Drypetes gossweileri;;;19,8;16,42964175
JEU-L2;16;Yangambi;Tabernaemontana crassa;;;19,8;16,42964175
JEU-L2;4;Yangambi;Uapaca guineensis;;;19,9;16,47165105
JEU-L2;4;Yangambi;Polyalthia suaveolens;;;20;16,51355638
JEU-L2;11;Yangambi;Anonidium mannii;;;20;16,51355638
JEU-L2;7;Yangambi;Coelocaryon preussii;;;20,1;16,55535852
JEU-L2;10;Yangambi;Garcinia epunctata;;;20,1;16,55535852
JEU-L2;6;Yangambi;Drypetes gossweileri;;;20,2;16,59705824
JEU-L2;7;Yangambi;Strombosia grandifolia;;;20,3;16,63865629
JEU-L2;12;Yangambi;Garcinia epunctata;;;20,7;16,80404659
JEU-L2;12;Yangambi;Dialium pachyphyllum;;;20,7;16,80404659
JEU-L2;10;Yangambi;Staudtia kamerunensis;;;20,8;16,84514731
JEU-L2;14;Yangambi;Anonidium mannii;;;21;16,92705749
JEU-L2;1;Yangambi;Scorodophloeus zenkeri;;;21,2;17,0085839
JEU-L2;2;Yangambi;Diospyros boala;;;21,3;17,04920488
JEU-L2;16;Yangambi;Scorodophloeus zenkeri;;;21,3;17,04920488
JEU-L2;8;Yangambi;Synsepalum subcordatum;;;21,4;17,08973193
JEU-L2;14;Yangambi;Drypetes gossweileri;;;21,5;17,13016571
JEU-L2;15;Yangambi;Pancovia laurentii;;;21,6;17,17050685
JEU-L2;9;Yangambi;Anonidium mannii;;;21,8;17,25091381
JEU-L2;11;Yangambi;Blighia welwitschii;;;21,9;17,29098088
JEU-L2;12;Yangambi;Petersianthus macrocarpus;;;22;17,33095784
JEU-L2;6;Yangambi;Garcinia punctata;;;22,1;17,37084529
JEU-L2;4;Yangambi;Panda oleosa;;;22,3;17,45035409
JEU-L2;4;Yangambi;Chrysophyllum lacourtianum;;;22,3;17,45035409
JEU-L2;8;Yangambi;Vitex congolensis;;;22,3;17,45035409
JEU-L2;9;Yangambi;Polyalthia suaveolens;;;22,3;17,45035409
JEU-L2;4;Yangambi;Scorodophloeus zenkeri;;;22,5;17,52951205
JEU-L2;9;Yangambi;Scorodophloeus zenkeri;;;22,6;17,56896091
JEU-L2;2;Yangambi;Synsepalum subcordatum;;;23,1;17,76492676
JEU-L2;14;Yangambi;Garcinia epunctata;;;23,2;17,80386811
JEU-L2;7;Yangambi;Staudtia kamerunensis;;;23,3;17,84272677
JEU-L2;15;Yangambi;Scorodophloeus zenkeri;;;23,4;17,88150329
JEU-L2;3;Yangambi;Anonidium mannii;;;23,5;17,92019818
JEU-L2;15;Yangambi;Polyalthia suaveolens;;;23,7;17,99734514
JEU-L2;8;Yangambi;Pleiocarpa pycnantha;;;23,8;18,03579824
JEU-L2;14;Yangambi;Scorodophloeus zenkeri;;;23,8;18,03579824
JEU-L2;9;Yangambi;Anonidium mannii;;;23,9;18,07417175
JEU-L2;4;Yangambi;Panda oleosa;;;24;18,11246616
JEU-L2;14;Yangambi;Anonidium mannii;;;24;18,11246616
JEU-L2;8;Yangambi;Myrianthus arboreus;;;24,1;18,15068198
JEU-L2;12;Yangambi;Trichilia prieuriana;;;24,2;18,18881969
JEU-L2;4;Yangambi;Anonidium mannii;;;24,3;18,22687977
JEU-L2;8;Yangambi;Strombosiopsis tetrandra;;;24,3;18,22687977
JEU-L2;2;Yangambi;Pycnanthus angolensis;;;24,4;18,26486269
JEU-L2;1;Yangambi;Anonidium mannii;;;24,7;18,37835323
JEU-L2;9;Yangambi;Garcinia epunctata;;;24,7;18,37835323
JEU-L2;16;Yangambi;Cola griseiflora;;;24,7;18,37835323
JEU-L2;13;Yangambi;Garcinia epunctata;;;25,3;18,60331334
JEU-L2;15;Yangambi;Scorodophloeus zenkeri;;;25,3;18,60331334
JEU-L2;3;Yangambi;Tridesmostemon omphalocarpoides;;;25,7;18,75182792
JEU-L2;8;Yangambi;Anonidium mannii;;;25,7;18,75182792
JEU-L2;16;Yangambi;Panda oleosa;;;25,8;18,78877812
JEU-L2;14;Yangambi;Tridesmostemon omphalocarpoides;;;26;18,86246725
JEU-L2;15;Yangambi;Anonidium mannii;;;26,2;18,93587741
JEU-L2;6;Yangambi;Strombosiopsis tetrandra;;;26,3;18,97247886
JEU-L2;14;Yangambi;Drypetes indet;;;26,7;19,11820293
JEU-L2;6;Yangambi;Strombosiopsis tetrandra;;;26,8;19,15446542
JEU-L2;8;Yangambi;Leplaea thompsonii;;;27;19,2267908
JEU-L2;4;Yangambi;Strombosiopsis tetrandra;;;27,5;19,40645686
JEU-L2;9;Yangambi;Staudtia kamerunensis;;;27,5;19,40645686
JEU-L2;4;Yangambi;Anonidium mannii;;;27,6;19,44219624
JEU-L2;3;Yangambi;Anonidium mannii;;;27,7;19,47787183
JEU-L2;16;Yangambi;Garcinia epunctata;;;27,8;19,51348396
JEU-L2;3;Yangambi;Drypetes gossweileri;;;27,9;19,54903299
JEU-L2;5;Yangambi;Strombosiopsis tetrandra;;;28;19,58451923
JEU-L2;11;Yangambi;Anonidium mannii;;;28;19,58451923
JEU-L2;3;Yangambi;Petersianthus macrocarpus;;;28,5;19,76102048
JEU-L2;4;Yangambi;Staudtia kamerunensis;;;29;19,93600133
JEU-L2;6;Yangambi;Drypetes gossweileri;;;29;19,93600133
JEU-L2;7;Yangambi;Leplaea thompsonii;;;29,1;19,97081851
JEU-L2;12;Yangambi;Scorodophloeus zenkeri;;;29,2;20,00557674
JEU-L2;4;Yangambi;Strombosia grandifolia;;;29,3;20,04027633
JEU-L2;12;Yangambi;Scorodophloeus zenkeri;;;29,3;20,04027633
JEU-L2;11;Yangambi;Scorodophloeus zenkeri;;;30,4;20,41818471
JEU-L2;5;Yangambi;Strombosiopsis tetrandra;;;30,5;20,45220312
JEU-L2;5;Yangambi;Panda oleosa;;;30,6;20,48616658
JEU-L2;13;Yangambi;Scorodophloeus zenkeri;;;30,8;20,55392971
JEU-L2;4;Yangambi;Anonidium mannii;;;30,9;20,5877299
JEU-L2;9;Yangambi;Celtis mildbraedii;;;30,9;20,5877299
JEU-L2;15;Yangambi;Panda oleosa;;;30,9;20,5877299
JEU-L2;3;Yangambi;Petersianthus macrocarpus;;;31,7;20,85621277
JEU-L2;11;Yangambi;Vitex welwitschii;;;31,8;20,88953708
JEU-L2;3;Yangambi;Drypetes indet;;;32;20,95603103
JEU-L2;11;Yangambi;Strombosia grandifolia;;;32,6;21,15429275
JEU-L2;14;Yangambi;Scorodophloeus zenkeri;;;32,7;21,18716089
JEU-L2;10;Yangambi;Petersianthus macrocarpus;;;32,9;21,25274882
JEU-L2;2;Yangambi;Chrysophyllum lacourtianum;;;33,2;21,35076318
JEU-L2;5;Yangambi;Strombosia grandifolia;;;33,3;21,38333751
JEU-L2;1;Yangambi;Anonidium mannii;;;33,4;21,41586363
JEU-L2;8;Yangambi;Trichilia monadelpha;;;33,4;21,41586363
JEU-L2;14;Yangambi;Scorodophloeus zenkeri;;;33,4;21,41586363
JEU-L2;10;Yangambi;Diospyros hoyleana;;;33,7;21,51315496
JEU-L2;4;Yangambi;Leplaea thompsonii;;;34;21,61002015
JEU-L2;16;Yangambi;Scorodophloeus zenkeri;;;34,8;21,86628617
JEU-L2;15;Yangambi;Scorodophloeus zenkeri;;;35,1;21,96163585
JEU-L2;12;Yangambi;Irvingia grandifolia;;;35,2;21,99332971
JEU-L2;8;Yangambi;Drypetes gossweileri;;;36;22,24529894
JEU-L2;10;Yangambi;Celtis tessmannii;;;36,1;22,27660014
JEU-L2;16;Yangambi;Anonidium mannii;;;36,1;22,27660014
JEU-L2;15;Yangambi;Scorodophloeus zenkeri;;;36,7;22,46351618
JEU-L2;1;Yangambi;Tridesmostemon omphalocarpoides;;;37,2;22,61813152
JEU-L2;6;Yangambi;Trilepisium madagascariense;;;37,2;22,61813152
JEU-L2;12;Yangambi;Scorodophloeus zenkeri;;;37,9;22,83288158
JEU-L2;16;Yangambi;Strombosia grandifolia;;;38;22,86339997
JEU-L2;2;Yangambi;Strombosiopsis tetrandra;;;38,2;22,92431817
JEU-L2;7;Yangambi;Leplaea thompsonii;;;38,4;22,9850793
JEU-L2;7;Yangambi;Panda oleosa;;;38,7;23,07592915
JEU-L2;4;Yangambi;Scorodophloeus zenkeri;;;39;23,16643239
JEU-L2;14;Yangambi;Scorodophloeus zenkeri;;;39,1;23,19652381
JEU-L2;1;Yangambi;Anonidium mannii;;;39,3;23,256593
JEU-L2;5;Yangambi;Scorodophloeus zenkeri;;;39,5;23,31651164
JEU-L2;9;Yangambi;Anonidium mannii;;;39,5;23,31651164
JEU-L2;14;Yangambi;Leplaea thompsonii;;;39,5;23,31651164
JEU-L2;9;Yangambi;Tridesmostemon omphalocarpoides;;;39,9;23,4359018
JEU-L2;3;Yangambi;Erythrophleum suaveolens;;;40,1;23,49537555
JEU-L2;16;Yangambi;Panda oleosa;;;40,3;23,55470322
JEU-L2;11;Yangambi;Panda oleosa;;;40,4;23,58431261
JEU-L2;12;Yangambi;Strombosiopsis tetrandra;;;40,7;23,6729246
JEU-L2;7;Yangambi;Trilepisium madagascariense;;;40,8;23,70239031
JEU-L2;12;Yangambi;Panda oleosa;;;41;23,7612151
JEU-L2;4;Yangambi;Leplaea thompsonii;;;41,1;23,79057443
JEU-L2;7;Yangambi;Petersianthus macrocarpus;;;41,5;23,90766099
JEU-L2;15;Yangambi;Leplaea thompsonii;;;41,6;23,93684558
JEU-L2;5;Yangambi;Strombosia grandifolia;;;41,8;23,99511115
JEU-L2;3;Yangambi;Synsepalum subcordatum;;;42,3;24,14017649
JEU-L2;7;Yangambi;Panda oleosa;;;42,5;24,19796573
JEU-L2;2;Yangambi;Strombosiopsis tetrandra;;;42,7;24,25562103
JEU-L2;15;Yangambi;Leplaea thompsonii;;;43,1;24,37053353
JEU-L2;14;Yangambi;Panda oleosa;;;43,4;24,45637318
JEU-L2;5;Yangambi;Blighia welwitschii;;;43,5;24,48492134
JEU-L2;5;Yangambi;Strombosiopsis tetrandra;;;43,8;24,5703722
JEU-L2;15;Yangambi;Scorodophloeus zenkeri;;;44,4;24,7404125
JEU-L2;16;Yangambi;Scorodophloeus zenkeri;;;45,2;24,96538003
JEU-L2;12;Yangambi;Strombosiopsis tetrandra;;;45,6;25,07712747
JEU-L2;15;Yangambi;Cola lateritia;;;46,5;25,32680523
JEU-L2;4;Yangambi;Anonidium mannii;;;46,7;25,38196468
JEU-L2;16;Yangambi;Scorodophloeus zenkeri;;;47,2;25,51935585
JEU-L2;10;Yangambi;Petersianthus macrocarpus;;;47,3;25,54674782
JEU-L2;12;Yangambi;Scorodophloeus zenkeri;;;47,3;25,54674782
JEU-L2;12;Yangambi;Scorodophloeus zenkeri;;;47,7;25,6560312
JEU-L2;6;Yangambi;Tridesmostemon omphalocarpoides;;;47,8;25,68328136
JEU-L2;1;Yangambi;Scorodophloeus zenkeri;;;47,9;25,71050343
JEU-L2;16;Yangambi;Anonidium mannii;;;48,7;25,92727889
JEU-L2;10;Yangambi;Scorodophloeus zenkeri;;;48,9;25,98119781
JEU-L2;1;Yangambi;Strombosiopsis tetrandra;;;49,1;26,0350081
JEU-L2;9;Yangambi;Drypetes gossweileri;;;49,1;26,0350081
JEU-L2;9;Yangambi;Leplaea thompsonii;;;49,9;26,24917603
JEU-L2;4;Yangambi;Scorodophloeus zenkeri;;;50;26,27582761
JEU-L2;14;Yangambi;Scorodophloeus zenkeri;;;50,1;26,30245293
JEU-L2;5;Yangambi;Celtis tessmannii;;;50,2;26,32905204
JEU-L2;8;Yangambi;Scorodophloeus zenkeri;;;50,4;26,38217202
JEU-L2;9;Yangambi;Strombosiopsis tetrandra;;;50,9;26,51451898
JEU-L2;1;Yangambi;Anonidium mannii;;;51,9;26,77730359
JEU-L2;15;Yangambi;Scorodophloeus zenkeri;;;52,8;27,01168298
JEU-L2;11;Yangambi;Scorodophloeus zenkeri;;;53,9;27,29548741
JEU-L2;12;Yangambi;Scorodophloeus zenkeri;;;54;27,32114559
JEU-L2;6;Yangambi;Strombosiopsis tetrandra;;;54,8;27,52557334
JEU-L2;6;Yangambi;Leplaea thompsonii;;;55,2;27,62723534
JEU-L2;15;Yangambi;Scorodophloeus zenkeri;;;55,4;27,67793012
JEU-L2;15;Yangambi;Scorodophloeus zenkeri;;;56;27,82947539
JEU-L2;6;Yangambi;Panda oleosa;;;56,4;27,93006115
JEU-L2;16;Yangambi;Scorodophloeus zenkeri;;;57,3;28,15510081
JEU-L2;14;Yangambi;Anonidium mannii;;;58,1;28,35367717
JEU-L2;8;Yangambi;Fernandoa adolfi-friderici;;;58,4;28,42779539
JEU-L2;16;Yangambi;Leplaea thompsonii;;;61,4;29,1588946
JEU-L2;1;Yangambi;Macaranga monandra;;;62,4;29,39866282
JEU-L2;10;Yangambi;Strombosiopsis tetrandra;;;63,5;29,6602297
JEU-L2;7;Yangambi;Strombosiopsis tetrandra;;;63,7;29,7075466
JEU-L2;14;Yangambi;Scorodophloeus zenkeri;;;64,5;29,89608558
JEU-L2;2;Yangambi;Panda oleosa;;;64,9;29,98992265
JEU-L2;11;Yangambi;Scorodophloeus zenkeri;;;65,3;30,08347495
JEU-L2;2;Yangambi;Panda oleosa;;;68,5;30,8219463
JEU-L2;1;Yangambi;Scorodophloeus zenkeri;;;69;30,93578301
JEU-L2;7;Yangambi;Drypetes gossweileri;;;69,2;30,98120376
JEU-L2;13;Yangambi;Anonidium mannii;;;69,7;31,09447324
JEU-L2;16;Yangambi;Strombosiopsis tetrandra;;;71,6;31,52128544
JEU-L2;14;Yangambi;Scorodophloeus zenkeri;;;72;31,61042618
JEU-L2;15;Yangambi;Pterygota bequaertii;;;74,3;32,11831392
JEU-L2;6;Yangambi;Leplaea cedrata;;;76,2;32,53205394
JEU-L2;2;Yangambi;Pericopsis elata;;;77,5;32,81221449
JEU-L2;7;Yangambi;Klainedoxa gabonensis;;;80,3;33,40787243
JEU-L2;4;Yangambi;Scorodophloeus zenkeri;;;80,6;33,47108121
JEU-L2;2;Yangambi;Strombosia grandifolia;;;81,8;33,72276362
JEU-L2;12;Yangambi;Strombosiopsis tetrandra;;;83,5;34,07621763
JEU-L2;5;Yangambi;Pericopsis elata;;;87,2;34,83343594
JEU-L2;3;Yangambi;Cynometra hankei;;;90,7;35,53527188
JEU-L2;9;Yangambi;Pterocarpus soyauxii;;;90,9;35,57496989
JEU-L2;4;Yangambi;Maranthes indet;;;99,8;37,29990968
JEU-L2;7;Yangambi;Pericopsis elata;;;111,1;39,38410361
JEU-L2;11;Yangambi;Pericopsis elata;;;114;39,90190019
JEU-L6B;2;Yangambi;Coelocaryon preussii;;;10;11,621134
JEU-L6B;6;Yangambi;Drypetes gossweileri;;;10;11,621134
JEU-L6B;10;Yangambi;Tabernaemontana crassa;;;10;11,621134
JEU-L6B;11;Yangambi;Polyalthia suaveolens;;;10;11,621134
JEU-L6B;11;Yangambi;Microdesmis yafungana;;;10;11,621134
JEU-L6B;13;Yangambi;Massularia acuminata;;;10;11,621134
JEU-L6B;16;Yangambi;Pleiocarpa pycnantha;;;10;11,621134
JEU-L6B;7;Yangambi;Microdesmis yafungana;;;10,1;11,67989701
JEU-L6B;11;Yangambi;Synsepalum subcordatum;;;10,1;11,67989701
JEU-L6B;15;Yangambi;Maranthes glabra;;;10,1;11,67989701
JEU-L6B;5;Yangambi;Panda oleosa;;;10,2;11,73837382
JEU-L6B;8;Yangambi;Carapa procera;;;10,2;11,73837382
JEU-L6B;9;Yangambi;Coelocaryon preussii;;;10,2;11,73837382
JEU-L6B;5;Yangambi;Trichilia prieuriana;;;10,3;11,79656861
JEU-L6B;6;Yangambi;Staudtia kamerunensis;;;10,3;11,79656861
JEU-L6B;8;Yangambi;Anthonotha macrophylla;;;10,3;11,79656861
JEU-L6B;16;Yangambi;Carapa procera;;;10,3;11,79656861
JEU-L6B;16;Yangambi;Turraeanthus africanus;;;10,3;11,79656861
JEU-L6B;3;Yangambi;Cola griseiflora;;;10,4;11,85448546
JEU-L6B;4;Yangambi;Microdesmis yafungana;;;10,4;11,85448546
JEU-L6B;5;Yangambi;Anonidium mannii;;;10,4;11,85448546
JEU-L6B;15;Yangambi;Cola griseiflora;;;10,4;11,85448546
JEU-L6B;4;Yangambi;Grossera multinervis;;;10,5;11,91212836
JEU-L6B;6;Yangambi;Celtis mildbraedii;;;10,5;11,91212836
JEU-L6B;8;Yangambi;Carapa procera;;;10,5;11,91212836
JEU-L6B;9;Yangambi;Tabernaemontana crassa;;;10,5;11,91212836
JEU-L6B;9;Yangambi;Quassia undulata;;;10,5;11,91212836
JEU-L6B;11;Yangambi;Cola griseiflora;;;10,5;11,91212836
JEU-L6B;2;Yangambi;Microdesmis yafungana;;;10,6;11,96950118
JEU-L6B;7;Yangambi;Microdesmis yafungana;;;10,6;11,96950118
JEU-L6B;7;Yangambi;Piptadeniastrum africanum;;;10,7;12,02660772
JEU-L6B;9;Yangambi;Piptadeniastrum africanum;;;10,8;12,0834517
JEU-L6B;9;Yangambi;Tridesmostemon omphalocarpoides;;;10,8;12,0834517
JEU-L6B;11;Yangambi;Staudtia kamerunensis;;;10,8;12,0834517
JEU-L6B;3;Yangambi;indet indet;;;10,9;12,14003673
JEU-L6B;11;Yangambi;Pycnanthus angolensis;;;10,9;12,14003673
JEU-L6B;15;Yangambi;Cola griseiflora;;;10,9;12,14003673
JEU-L6B;16;Yangambi;Microdesmis yafungana;;;10,9;12,14003673
JEU-L6B;1;Yangambi;Combretum lokele;;;11;12,19636634
JEU-L6B;2;Yangambi;Grossera multinervis;;;11;12,19636634
JEU-L6B;3;Yangambi;Leplaea thompsonii;;;11;12,19636634
JEU-L6B;9;Yangambi;Tetrapleura tetraptera;;;11;12,19636634
JEU-L6B;11;Yangambi;Carapa procera;;;11;12,19636634
JEU-L6B;2;Yangambi;Microdesmis yafungana;;;11,1;12,25244401
JEU-L6B;9;Yangambi;Staudtia kamerunensis;;;11,1;12,25244401
JEU-L6B;11;Yangambi;Leplaea thompsonii;;;11,1;12,25244401
JEU-L6B;11;Yangambi;Microdesmis yafungana;;;11,1;12,25244401
JEU-L6B;13;Yangambi;Pancovia laurentii;;;11,1;12,25244401
JEU-L6B;16;Yangambi;Cavacoa quintasii;;;11,1;12,25244401
JEU-L6B;2;Yangambi;Pancovia harmsiana;;;11,2;12,30827311
JEU-L6B;4;Yangambi;Cola griseiflora;;;11,2;12,30827311
JEU-L6B;16;Yangambi;Tabernaemontana crassa;;;11,2;12,30827311
JEU-L6B;12;Yangambi;Pancovia harmsiana;;;11,3;12,36385695
JEU-L6B;3;Yangambi;Grossera multinervis;;;11,4;12,41919877
JEU-L6B;8;Yangambi;Cola griseiflora;;;11,4;12,41919877
JEU-L6B;9;Yangambi;Carapa procera;;;11,4;12,41919877
JEU-L6B;1;Yangambi;Grossera multinervis;;;11,5;12,47430171
JEU-L6B;3;Yangambi;Diospyros boala;;;11,5;12,47430171
JEU-L6B;4;Yangambi;Microdesmis yafungana;;;11,5;12,47430171
JEU-L6B;4;Yangambi;indet indet;;;11,5;12,47430171
JEU-L6B;11;Yangambi;Staudtia kamerunensis;;;11,5;12,47430171
JEU-L6B;12;Yangambi;Microdesmis yafungana;;;11,5;12,47430171
JEU-L6B;2;Yangambi;Turraeanthus africanus;;;11,6;12,52916889
JEU-L6B;2;Yangambi;Cola griseiflora;;;11,6;12,52916889
JEU-L6B;11;Yangambi;Microdesmis yafungana;;;11,6;12,52916889
JEU-L6B;14;Yangambi;Staudtia kamerunensis;;;11,6;12,52916889
JEU-L6B;2;Yangambi;Cola griseiflora;;;11,7;12,58380333
JEU-L6B;2;Yangambi;Ongokea gore;;;11,7;12,58380333
JEU-L6B;7;Yangambi;Staudtia kamerunensis;;;11,7;12,58380333
JEU-L6B;6;Yangambi;Microdesmis yafungana;;;11,8;12,63820799
JEU-L6B;8;Yangambi;Turraeanthus africanus;;;11,8;12,63820799
JEU-L6B;8;Yangambi;Petersianthus macrocarpus;;;11,9;12,69238577
JEU-L6B;13;Yangambi;Grossera multinervis;;;11,9;12,69238577
JEU-L6B;4;Yangambi;Panda oleosa;;;12;12,74633952
JEU-L6B;13;Yangambi;Cola griseiflora;;;12;12,74633952
JEU-L6B;15;Yangambi;Pancovia harmsiana;;;12;12,74633952
JEU-L6B;2;Yangambi;Drypetes gossweileri;;;12,1;12,80007201
JEU-L6B;6;Yangambi;Microdesmis yafungana;;;12,1;12,80007201
JEU-L6B;6;Yangambi;Pancovia harmsiana;;;12,1;12,80007201
JEU-L6B;8;Yangambi;Microdesmis yafungana;;;12,1;12,80007201
JEU-L6B;9;Yangambi;Monodora myristica;;;12,2;12,85358598
JEU-L6B;13;Yangambi;Carapa procera;;;12,2;12,85358598
JEU-L6B;10;Yangambi;Trichilia welwitschii;;;12,4;12,95996895
JEU-L6B;11;Yangambi;Cynometra hankei;;;12,4;12,95996895
JEU-L6B;12;Yangambi;Leplaea thompsonii;;;12,5;13,01284313
JEU-L6B;16;Yangambi;Carapa procera;;;12,5;13,01284313
JEU-L6B;16;Yangambi;Coelocaryon botryoides;;;12,5;13,01284313
JEU-L6B;1;Yangambi;Combretum lokele;;;12,6;13,06550914
JEU-L6B;6;Yangambi;Drypetes indet;;;12,6;13,06550914
JEU-L6B;14;Yangambi;Leplaea thompsonii;;;12,6;13,06550914
JEU-L6B;3;Yangambi;Pancovia laurentii;;;12,7;13,11796944
JEU-L6B;6;Yangambi;Quassia undulata;;;12,7;13,11796944
JEU-L6B;7;Yangambi;Staudtia kamerunensis;;;12,7;13,11796944
JEU-L6B;9;Yangambi;Ongokea gore;;;12,7;13,11796944
JEU-L6B;6;Yangambi;Pancovia harmsiana;;;12,8;13,17022645
JEU-L6B;7;Yangambi;Pterocarpus soyauxii;;;12,8;13,17022645
JEU-L6B;10;Yangambi;Staudtia kamerunensis;;;12,9;13,22228253
JEU-L6B;11;Yangambi;Pentaclethra macrophylla;;;12,9;13,22228253
JEU-L6B;13;Yangambi;Cola griseiflora;;;12,9;13,22228253
JEU-L6B;7;Yangambi;Microdesmis yafungana;;;13;13,27414001
JEU-L6B;7;Yangambi;Microdesmis yafungana;;;13;13,27414001
JEU-L6B;10;Yangambi;Drypetes gossweileri;;;13;13,27414001
JEU-L6B;16;Yangambi;Microdesmis yafungana;;;13;13,27414001
JEU-L6B;14;Yangambi;Piptadeniastrum africanum;;;13,1;13,32580116
JEU-L6B;9;Yangambi;Pleiocarpa pycnantha;;;13,2;13,37726821
JEU-L6B;10;Yangambi;Microdesmis yafungana;;;13,2;13,37726821
JEU-L6B;4;Yangambi;Quassia undulata;;;13,3;13,42854335
JEU-L6B;1;Yangambi;Coelocaryon preussii;;;13,4;13,47962874
JEU-L6B;7;Yangambi;Pancovia laurentii;;;13,4;13,47962874
JEU-L6B;13;Yangambi;Microdesmis yafungana;;;13,4;13,47962874
JEU-L6B;11;Yangambi;Radlkofera calodendron;;;13,5;13,53052649
JEU-L6B;16;Yangambi;Cleistanthus caudatus;;;13,5;13,53052649
JEU-L6B;1;Yangambi;Coelocaryon preussii;;;13,7;13,63176731
JEU-L6B;9;Yangambi;Cola griseiflora;;;13,7;13,63176731
JEU-L6B;16;Yangambi;Carapa procera;;;13,7;13,63176731
JEU-L6B;16;Yangambi;Garcinia epunctata;;;13,7;13,63176731
JEU-L6B;16;Yangambi;Tabernaemontana crassa;;;13,7;13,63176731
JEU-L6B;14;Yangambi;Microdesmis yafungana;;;13,8;13,68211441
JEU-L6B;16;Yangambi;Staudtia kamerunensis;;;13,8;13,68211441
JEU-L6B;4;Yangambi;Microdesmis yafungana;;;13,9;13,73228193
JEU-L6B;5;Yangambi;Chrysophyllum lacourtianum;;;13,9;13,73228193
JEU-L6B;5;Yangambi;Cola griseiflora;;;13,9;13,73228193
JEU-L6B;7;Yangambi;Microdesmis yafungana;;;13,9;13,73228193
JEU-L6B;12;Yangambi;Garcinia epunctata;;;13,9;13,73228193
JEU-L6B;4;Yangambi;Celtis mildbraedii;;;14;13,78227179
JEU-L6B;7;Yangambi;Chrysophyllum boukokoënse;;;14;13,78227179
JEU-L6B;8;Yangambi;Staudtia kamerunensis;;;14;13,78227179
JEU-L6B;1;Yangambi;Combretum lokele;;;14,1;13,83208589
JEU-L6B;3;Yangambi;Chrysophyllum boukokoënse;;;14,2;13,88172608
JEU-L6B;8;Yangambi;Irvingia gabonensis;;;14,2;13,88172608
JEU-L6B;14;Yangambi;Microdesmis yafungana;;;14,2;13,88172608
JEU-L6B;1;Yangambi;Combretum lokele;;;14,3;13,9311942
JEU-L6B;7;Yangambi;Strombosia grandifolia;;;14,3;13,9311942
JEU-L6B;5;Yangambi;Chrysophyllum lacourtianum;;;14,4;13,98049202
JEU-L6B;11;Yangambi;Pancovia harmsiana;;;14,4;13,98049202
JEU-L6B;6;Yangambi;Dialium pachyphyllum;;;14,5;14,02962132
JEU-L6B;16;Yangambi;Microdesmis yafungana;;;14,5;14,02962132
JEU-L6B;3;Yangambi;Staudtia kamerunensis;;;14,6;14,07858384
JEU-L6B;14;Yangambi;Rinorea indet;;;14,6;14,07858384
JEU-L6B;5;Yangambi;Vitex congolensis;;;14,7;14,12738126
JEU-L6B;6;Yangambi;Chrysophyllum lacourtianum;;;14,7;14,12738126
JEU-L6B;16;Yangambi;Microdesmis yafungana;;;14,7;14,12738126
JEU-L6B;3;Yangambi;Microdesmis yafungana;;;14,9;14,22448751
JEU-L6B;9;Yangambi;Prioria oxyphylla;;;14,9;14,22448751
JEU-L6B;14;Yangambi;Leplaea thompsonii;;;14,9;14,22448751
JEU-L6B;12;Yangambi;Staudtia kamerunensis;;;15;14,2727996
JEU-L6B;5;Yangambi;Staudtia kamerunensis;;;15,1;14,32095313
JEU-L6B;1;Yangambi;Grossera multinervis;;;15,2;14,36894967
JEU-L6B;11;Yangambi;Microdesmis yafungana;;;15,3;14,41679075
JEU-L6B;12;Yangambi;Microdesmis yafungana;;;15,3;14,41679075
JEU-L6B;1;Yangambi;Grossera multinervis;;;15,4;14,4644779
JEU-L6B;3;Yangambi;Chrysophyllum lacourtianum;;;15,4;14,4644779
JEU-L6B;13;Yangambi;Anonidium mannii;;;15,4;14,4644779
JEU-L6B;3;Yangambi;Chrysophyllum lacourtianum;;;15,5;14,51201259
JEU-L6B;8;Yangambi;Chrysophyllum boukokoënse;;;15,5;14,51201259
JEU-L6B;11;Yangambi;Prioria oxyphylla;;;15,5;14,51201259
JEU-L6B;6;Yangambi;Pancovia harmsiana;;;15,6;14,55939631
JEU-L6B;14;Yangambi;Garcinia punctata;;;15,6;14,55939631
JEU-L6B;8;Yangambi;Microdesmis yafungana;;;15,7;14,60663048
JEU-L6B;11;Yangambi;Quassia undulata;;;15,7;14,60663048
JEU-L6B;11;Yangambi;Strombosia grandifolia;;;15,7;14,60663048
JEU-L6B;11;Yangambi;Polyalthia suaveolens;;;15,7;14,60663048
JEU-L6B;8;Yangambi;Diospyros hoyleana;;;15,8;14,65371653
JEU-L6B;12;Yangambi;Microdesmis yafungana;;;15,8;14,65371653
JEU-L6B;16;Yangambi;Tabernaemontana crassa;;;15,8;14,65371653
JEU-L6B;2;Yangambi;Microdesmis yafungana;;;15,9;14,70065586
JEU-L6B;10;Yangambi;Strombosia grandifolia;;;15,9;14,70065586
JEU-L6B;3;Yangambi;Pancovia laurentii;;;16;14,74744985
JEU-L6B;4;Yangambi;Maranthes glabra;;;16;14,74744985
JEU-L6B;8;Yangambi;Carapa procera;;;16;14,74744985
JEU-L6B;14;Yangambi;Leplaea thompsonii;;;16;14,74744985
JEU-L6B;10;Yangambi;Leplaea thompsonii;;;16,2;14,84060718
JEU-L6B;6;Yangambi;Polyalthia suaveolens;;;16,3;14,88697316
JEU-L6B;12;Yangambi;Microdesmis yafungana;;;16,3;14,88697316
JEU-L6B;2;Yangambi;Staudtia kamerunensis;;;16,4;14,9331991
JEU-L6B;4;Yangambi;Drypetes gossweileri;;;16,4;14,9331991
JEU-L6B;1;Yangambi;Grossera multinervis;;;16,5;14,97928625
JEU-L6B;13;Yangambi;Chrysophyllum lacourtianum;;;16,5;14,97928625
JEU-L6B;2;Yangambi;Pancovia laurentii;;;16,6;15,02523588
JEU-L6B;11;Yangambi;Carapa procera;;;16,6;15,02523588
JEU-L6B;1;Yangambi;Drypetes gossweileri;;;16,7;15,07104921
JEU-L6B;10;Yangambi;Pentaclethra macrophylla;;;16,7;15,07104921
JEU-L6B;13;Yangambi;Grossera multinervis;;;16,7;15,07104921
JEU-L6B;11;Yangambi;Coelocaryon preussii;;;16,8;15,11672748
JEU-L6B;3;Yangambi;Staudtia kamerunensis;;;16,9;15,16227186
JEU-L6B;16;Yangambi;Maranthes glabra;;;17;15,20768355
JEU-L6B;6;Yangambi;Pancovia harmsiana;;;17,1;15,25296371
JEU-L6B;11;Yangambi;Xylopia phloiodora;;;17,1;15,25296371
JEU-L6B;13;Yangambi;Pentaclethra macrophylla;;;17,1;15,25296371
JEU-L6B;2;Yangambi;Xylopia phloiodora;;;17,2;15,29811349
JEU-L6B;10;Yangambi;Grossera multinervis;;;17,2;15,29811349
JEU-L6B;3;Yangambi;Staudtia kamerunensis;;;17,3;15,34313402
JEU-L6B;14;Yangambi;Strombosia pustulata;;;17,3;15,34313402
JEU-L6B;4;Yangambi;Scorodophloeus zenkeri;;;17,4;15,3880264
JEU-L6B;15;Yangambi;Drypetes indet;;;17,4;15,3880264
JEU-L6B;8;Yangambi;Leplaea thompsonii;;;17,5;15,43279174
JEU-L6B;9;Yangambi;Panda oleosa;;;17,5;15,43279174
JEU-L6B;2;Yangambi;Microdesmis yafungana;;;17,8;15,56633627
JEU-L6B;2;Yangambi;Rinorea indet;;;17,8;15,56633627
JEU-L6B;4;Yangambi;Polyalthia suaveolens;;;17,8;15,56633627
JEU-L6B;16;Yangambi;Grossera multinervis;;;17,9;15,61060412
JEU-L6B;5;Yangambi;Blighia welwitschii;;;18,1;15,69877548
JEU-L6B;7;Yangambi;Anonidium mannii;;;18,1;15,69877548
JEU-L6B;5;Yangambi;Prioria oxyphylla;;;18,2;15,742681
JEU-L6B;6;Yangambi;Microdesmis yafungana;;;18,2;15,742681
JEU-L6B;6;Yangambi;Tridesmostemon omphalocarpoides;;;18,4;15,83013663
JEU-L6B;6;Yangambi;Grossera multinervis;;;18,4;15,83013663
JEU-L6B;10;Yangambi;Chrysophyllum lacourtianum;;;18,6;15,91712475
JEU-L6B;2;Yangambi;Staudtia kamerunensis;;;18,7;15,96044585
JEU-L6B;8;Yangambi;Microdesmis yafungana;;;18,7;15,96044585
JEU-L6B;14;Yangambi;Leplaea thompsonii;;;18,7;15,96044585
JEU-L6B;16;Yangambi;Microdesmis yafungana;;;18,7;15,96044585
JEU-L6B;8;Yangambi;Diospyros hoyleana;;;18,8;16,00365287
JEU-L6B;12;Yangambi;Cola griseiflora;;;18,8;16,00365287
JEU-L6B;10;Yangambi;Pancovia laurentii;;;18,9;16,0467467
JEU-L6B;14;Yangambi;Entandrophragma candollei;;;18,9;16,0467467
JEU-L6B;3;Yangambi;Microdesmis yafungana;;;19;16,08972825
JEU-L6B;5;Yangambi;Monodora myristica;;;19,1;16,1325984
JEU-L6B;6;Yangambi;Polyalthia suaveolens;;;19,1;16,1325984
JEU-L6B;7;Yangambi;Chrysophyllum lacourtianum;;;19,2;16,17535801
JEU-L6B;15;Yangambi;Scorodophloeus zenkeri;;;19,2;16,17535801
JEU-L6B;12;Yangambi;Microdesmis yafungana;;;19,3;16,21800794
JEU-L6B;14;Yangambi;Petersianthus macrocarpus;;;19,3;16,21800794
JEU-L6B;16;Yangambi;Pleiocarpa pycnantha;;;19,3;16,21800794
JEU-L6B;3;Yangambi;Microdesmis yafungana;;;19,4;16,26054905
JEU-L6B;8;Yangambi;Staudtia kamerunensis;;;19,4;16,26054905
JEU-L6B;9;Yangambi;Staudtia kamerunensis;;;19,4;16,26054905
JEU-L6B;9;Yangambi;Grossera multinervis;;;19,4;16,26054905
JEU-L6B;3;Yangambi;Anonidium mannii;;;19,5;16,30298216
JEU-L6B;4;Yangambi;Panda oleosa;;;19,5;16,30298216
JEU-L6B;12;Yangambi;Dacryodes osika;;;19,5;16,30298216
JEU-L6B;3;Yangambi;Microdesmis yafungana;;;19,6;16,3453081
JEU-L6B;3;Yangambi;Dialium pachyphyllum;;;19,7;16,3875277
JEU-L6B;7;Yangambi;Grossera multinervis;;;19,7;16,3875277
JEU-L6B;16;Yangambi;Leplaea cedrata;;;19,7;16,3875277
JEU-L6B;4;Yangambi;Anonidium mannii;;;19,8;16,42964175
JEU-L6B;9;Yangambi;Drypetes paxii;;;19,9;16,47165105
JEU-L6B;2;Yangambi;Angylocalyx pynaertii;;;20;16,51355638
JEU-L6B;7;Yangambi;Trichilia prieuriana;;;20;16,51355638
JEU-L6B;12;Yangambi;Grossera multinervis;;;20;16,51355638
JEU-L6B;1;Yangambi;Grossera multinervis;;;20,3;16,63865629
JEU-L6B;5;Yangambi;Microdesmis yafungana;;;20,4;16,68015341
JEU-L6B;12;Yangambi;Microdesmis yafungana;;;20,4;16,68015341
JEU-L6B;9;Yangambi;Pancovia harmsiana;;;20,6;16,76284784
JEU-L6B;13;Yangambi;Tabernaemontana crassa;;;20,6;16,76284784
JEU-L6B;12;Yangambi;Microdesmis yafungana;;;20,8;16,84514731
JEU-L6B;13;Yangambi;Pentaclethra macrophylla;;;20,9;16,88615072
JEU-L6B;3;Yangambi;Dialium pachyphyllum;;;21;16,92705749
JEU-L6B;4;Yangambi;Klainedoxa gabonensis;;;21;16,92705749
JEU-L6B;16;Yangambi;Grossera multinervis;;;21,1;16,96786833
JEU-L6B;4;Yangambi;Polyalthia suaveolens;;;21,2;17,0085839
JEU-L6B;5;Yangambi;Pancovia harmsiana;;;21,2;17,0085839
JEU-L6B;2;Yangambi;Microdesmis yafungana;;;21,5;17,13016571
JEU-L6B;8;Yangambi;Klainedoxa gabonensis;;;21,5;17,13016571
JEU-L6B;8;Yangambi;Tabernaemontana crassa;;;21,5;17,13016571
JEU-L6B;3;Yangambi;Cola griseiflora;;;21,6;17,17050685
JEU-L6B;11;Yangambi;Cynometra hankei;;;21,6;17,17050685
JEU-L6B;10;Yangambi;Microdesmis yafungana;;;21,8;17,25091381
JEU-L6B;5;Yangambi;Grossera multinervis;;;21,9;17,29098088
JEU-L6B;5;Yangambi;Microdesmis yafungana;;;21,9;17,29098088
JEU-L6B;7;Yangambi;Cola griseiflora;;;21,9;17,29098088
JEU-L6B;9;Yangambi;Anonidium mannii;;;22,1;17,37084529
JEU-L6B;7;Yangambi;Staudtia kamerunensis;;;22,2;17,41064384
JEU-L6B;4;Yangambi;Leplaea thompsonii;;;22,3;17,45035409
JEU-L6B;11;Yangambi;Microdesmis yafungana;;;22,3;17,45035409
JEU-L6B;7;Yangambi;Drypetes gossweileri;;;22,6;17,56896091
JEU-L6B;14;Yangambi;Tridesmostemon omphalocarpoides;;;22,7;17,6083238
JEU-L6B;7;Yangambi;Garcinia ovalifolia;;;23,1;17,76492676
JEU-L6B;13;Yangambi;Microdesmis yafungana;;;23,2;17,80386811
JEU-L6B;12;Yangambi;Microdesmis yafungana;;;23,3;17,84272677
JEU-L6B;10;Yangambi;Staudtia kamerunensis;;;23,4;17,88150329
JEU-L6B;9;Yangambi;Dialium pachyphyllum;;;23,5;17,92019818
JEU-L6B;14;Yangambi;Copaifera mildbraedii;;;23,5;17,92019818
JEU-L6B;8;Yangambi;Petersianthus macrocarpus;;;23,7;17,99734514
JEU-L6B;4;Yangambi;Grossera multinervis;;;24,3;18,22687977
JEU-L6B;11;Yangambi;Celtis tessmannii;;;24,3;18,22687977
JEU-L6B;1;Yangambi;Anonidium mannii;;;24,5;18,30276893
JEU-L6B;8;Yangambi;Synsepalum subcordatum;;;24,5;18,30276893
JEU-L6B;5;Yangambi;Quassia undulata;;;24,6;18,34059896
JEU-L6B;6;Yangambi;Trichilia prieuriana;;;24,7;18,37835323
JEU-L6B;15;Yangambi;Pancovia harmsiana;;;24,9;18,45363634
JEU-L6B;13;Yangambi;Antiaris toxicaria;;;25;18,49116608
JEU-L6B;11;Yangambi;Microdesmis yafungana;;;25,1;18,52862186
JEU-L6B;8;Yangambi;Staudtia kamerunensis;;;25,2;18,56600414
JEU-L6B;4;Yangambi;Scorodophloeus zenkeri;;;25,4;18,64054989
JEU-L6B;2;Yangambi;Microdesmis yafungana;;;25,5;18,67771422
JEU-L6B;11;Yangambi;Microdesmis yafungana;;;25,6;18,71480676
JEU-L6B;6;Yangambi;Panda oleosa;;;25,7;18,75182792
JEU-L6B;2;Yangambi;Microdesmis yafungana;;;25,8;18,78877812
JEU-L6B;3;Yangambi;Microdesmis yafungana;;;26;18,86246725
JEU-L6B;12;Yangambi;Grossera multinervis;;;26,2;18,93587741
JEU-L6B;9;Yangambi;Quassia undulata;;;26,4;19,00901176
JEU-L6B;16;Yangambi;Panda oleosa;;;26,8;19,15446542
JEU-L6B;3;Yangambi;Leplaea thompsonii;;;27;19,2267908
JEU-L6B;4;Yangambi;Polyalthia suaveolens;;;27;19,2267908
JEU-L6B;8;Yangambi;Staudtia kamerunensis;;;27;19,2267908
JEU-L6B;13;Yangambi;Chrysophyllum lacourtianum;;;27;19,2267908
JEU-L6B;3;Yangambi;Scorodophloeus zenkeri;;;27,5;19,40645686
JEU-L6B;9;Yangambi;Tridesmostemon omphalocarpoides;;;27,5;19,40645686
JEU-L6B;11;Yangambi;Cola lateritia;;;27,7;19,47787183
JEU-L6B;15;Yangambi;Cleistanthus caudatus;;;27,8;19,51348396
JEU-L6B;1;Yangambi;Scorodophloeus zenkeri;;;28,1;19,61994304
JEU-L6B;3;Yangambi;Scorodophloeus zenkeri;;;28,2;19,65530475
JEU-L6B;7;Yangambi;Diospyros boala;;;28,3;19,69060467
JEU-L6B;1;Yangambi;Combretum lokele;;;28,4;19,72584314
JEU-L6B;13;Yangambi;Synsepalum subcordatum;;;28,4;19,72584314
JEU-L6B;7;Yangambi;Polyalthia suaveolens;;;28,6;19,79613701
JEU-L6B;7;Yangambi;Fernandoa adolfi-friderici;;;28,6;19,79613701
JEU-L6B;11;Yangambi;Panda oleosa;;;28,6;19,79613701
JEU-L6B;6;Yangambi;Scorodophloeus zenkeri;;;28,9;19,9011249
JEU-L6B;15;Yangambi;Polyalthia suaveolens;;;28,9;19,9011249
JEU-L6B;8;Yangambi;Panda oleosa;;;29,1;19,97081851
JEU-L6B;5;Yangambi;Panda oleosa;;;29,2;20,00557674
JEU-L6B;9;Yangambi;Staudtia kamerunensis;;;29,2;20,00557674
JEU-L6B;1;Yangambi;Klainedoxa gabonensis;;;29,3;20,04027633
JEU-L6B;2;Yangambi;Microdesmis yafungana;;;29,3;20,04027633
JEU-L6B;3;Yangambi;Scorodophloeus zenkeri;;;29,4;20,07491756
JEU-L6B;10;Yangambi;Polyalthia suaveolens;;;29,4;20,07491756
JEU-L6B;7;Yangambi;Drypetes gossweileri;;;30;20,28155608
JEU-L6B;13;Yangambi;Cola griseiflora;;;30;20,28155608
JEU-L6B;14;Yangambi;Scorodophloeus zenkeri;;;30,5;20,45220312
JEU-L6B;8;Yangambi;Polyalthia suaveolens;;;30,9;20,5877299
JEU-L6B;7;Yangambi;Microdesmis yafungana;;;31,1;20,65516887
JEU-L6B;2;Yangambi;Dacryodes osika;;;31,3;20,72239432
JEU-L6B;16;Yangambi;Scorodophloeus zenkeri;;;31,4;20,75592761
JEU-L6B;14;Yangambi;Cleistanthus caudatus;;;32,2;21,02232036
JEU-L6B;6;Yangambi;Drypetes indet;;;32,5;21,12137486
JEU-L6B;7;Yangambi;Cynometra hankei;;;32,8;21,21997951
JEU-L6B;2;Yangambi;Erythrophleum suaveolens;;;33,3;21,38333751
JEU-L6B;4;Yangambi;Chrysophyllum lacourtianum;;;33,4;21,41586363
JEU-L6B;6;Yangambi;Microdesmis yafungana;;;33,4;21,41586363
JEU-L6B;12;Yangambi;Strombosia pustulata;;;33,4;21,41586363
JEU-L6B;11;Yangambi;Leplaea thompsonii;;;33,7;21,51315496
JEU-L6B;7;Yangambi;Anonidium mannii;;;33,8;21,54549043
JEU-L6B;10;Yangambi;Diospyros crassiflora;;;34,1;21,64221482
JEU-L6B;15;Yangambi;Panda oleosa;;;34,1;21,64221482
JEU-L6B;6;Yangambi;Tridesmostemon omphalocarpoides;;;34,2;21,67436297
JEU-L6B;10;Yangambi;Coelocaryon preussii;;;34,3;21,7064648
JEU-L6B;2;Yangambi;Vitex welwitschii;;;34,4;21,73852051
JEU-L6B;3;Yangambi;Vitex congolensis;;;34,8;21,86628617
JEU-L6B;4;Yangambi;Scorodophloeus zenkeri;;;34,8;21,86628617
JEU-L6B;1;Yangambi;Strombosiopsis tetrandra;;;35,1;21,96163585
JEU-L6B;4;Yangambi;Staudtia kamerunensis;;;35,1;21,96163585
JEU-L6B;10;Yangambi;Chrysophyllum africanum;;;35,2;21,99332971
JEU-L6B;12;Yangambi;Strombosia grandifolia;;;35,4;22,05658451
JEU-L6B;4;Yangambi;Synsepalum subcordatum;;;35,6;22,11966334
JEU-L6B;10;Yangambi;Scorodophloeus zenkeri;;;35,6;22,11966334
JEU-L6B;6;Yangambi;Scorodophloeus zenkeri;;;36;22,24529894
JEU-L6B;14;Yangambi;Cynometra hankei;;;36,2;22,30785861
JEU-L6B;16;Yangambi;Scorodophloeus zenkeri;;;36,2;22,30785861
JEU-L6B;2;Yangambi;Grossera multinervis;;;36,4;22,37024807
JEU-L6B;6;Yangambi;Scorodophloeus zenkeri;;;36,6;22,43246873
JEU-L6B;7;Yangambi;Polyalthia suaveolens;;;36,8;22,49452195
JEU-L6B;9;Yangambi;Cola lateritia;;;36,9;22,5254862
JEU-L6B;9;Yangambi;Panda oleosa;;;38,1;22,89387878
JEU-L6B;4;Yangambi;Scorodophloeus zenkeri;;;38,2;22,92431817
JEU-L6B;12;Yangambi;Pterocarpus soyauxii;;;38,2;22,92431817
JEU-L6B;8;Yangambi;Prioria oxyphylla;;;39,2;23,22657729
JEU-L6B;13;Yangambi;Panda oleosa;;;39,2;23,22657729
JEU-L6B;14;Yangambi;Anonidium mannii;;;39,2;23,22657729
JEU-L6B;2;Yangambi;Fernandoa adolfi-friderici;;;39,5;23,31651164
JEU-L6B;8;Yangambi;Fernandoa adolfi-friderici;;;40;23,46565701
JEU-L6B;6;Yangambi;Polyalthia suaveolens;;;40,2;23,52505758
JEU-L6B;5;Yangambi;Staudtia kamerunensis;;;40,3;23,55470322
JEU-L6B;11;Yangambi;Trichilia monadelpha;;;40,6;23,64342316
JEU-L6B;12;Yangambi;Dialium pachyphyllum;;;40,6;23,64342316
JEU-L6B;7;Yangambi;Pericopsis elata;;;40,8;23,70239031
JEU-L6B;5;Yangambi;Afrostyrax lepidophyllus;;;40,9;23,73182043
JEU-L6B;16;Yangambi;Scorodophloeus zenkeri;;;41,1;23,79057443
JEU-L6B;1;Yangambi;Panda oleosa;;;41,8;23,99511115
JEU-L6B;6;Yangambi;Scorodophloeus zenkeri;;;41,9;24,02419238
JEU-L6B;10;Yangambi;Celtis mildbraedii;;;41,9;24,02419238
JEU-L6B;1;Yangambi;Panda oleosa;;;42,5;24,19796573
JEU-L6B;5;Yangambi;Strombosia pustulata;;;42,5;24,19796573
JEU-L6B;5;Yangambi;Drypetes gossweileri;;;42,8;24,28439874
JEU-L6B;4;Yangambi;Chrysophyllum lacourtianum;;;43;24,34185488
JEU-L6B;12;Yangambi;Leplaea thompsonii;;;43;24,34185488
JEU-L6B;15;Yangambi;Cavacoa quintasii;;;43,2;24,39917939
JEU-L6B;11;Yangambi;Chrysophyllum boukokoënse;;;43,6;24,51343715
JEU-L6B;5;Yangambi;Chrysophyllum africanum;;;44,2;24,68385901
JEU-L6B;3;Yangambi;Vitex welwitschii;;;44,8;24,85314388
JEU-L6B;15;Yangambi;Scorodophloeus zenkeri;;;44,8;24,85314388
JEU-L6B;8;Yangambi;Panda oleosa;;;45,5;25,04923607
JEU-L6B;6;Yangambi;Scorodophloeus zenkeri;;;45,9;25,16062118
JEU-L6B;13;Yangambi;Panda oleosa;;;46,6;25,35439955
JEU-L6B;10;Yangambi;Scorodophloeus zenkeri;;;47,5;25,60144624
JEU-L6B;5;Yangambi;Chrysophyllum lacourtianum;;;47,8;25,68328136
JEU-L6B;15;Yangambi;Cleistanthus caudatus;;;47,8;25,68328136
JEU-L6B;12;Yangambi;Alstonia boonei;;;48,3;25,81911247
JEU-L6B;1;Yangambi;Erythrophleum suaveolens;;;49,2;26,06187271
JEU-L6B;5;Yangambi;Strombosiopsis tetrandra;;;49,2;26,06187271
JEU-L6B;16;Yangambi;Scorodophloeus zenkeri;;;50;26,27582761
JEU-L6B;4;Yangambi;Pterocarpus soyauxii;;;50,3;26,35562505
JEU-L6B;6;Yangambi;Treculia africana;;;50,7;26,46165746
JEU-L6B;7;Yangambi;Strombosiopsis tetrandra;;;50,8;26,48810105
JEU-L6B;10;Yangambi;Scorodophloeus zenkeri;;;51;26,54091133
JEU-L6B;2;Yangambi;Scorodophloeus zenkeri;;;51,1;26,56727817
JEU-L6B;1;Yangambi;Panda oleosa;;;51,2;26,59361958
JEU-L6B;16;Yangambi;Scorodophloeus zenkeri;;;51,8;26,75113814
JEU-L6B;16;Yangambi;Chrysophyllum lacourtianum;;;52;26,80344419
JEU-L6B;12;Yangambi;Scorodophloeus zenkeri;;;52,3;26,88171763
JEU-L6B;16;Yangambi;Scorodophloeus zenkeri;;;53,4;27,16684294
JEU-L6B;14;Yangambi;Anonidium mannii;;;53,7;27,24410053
JEU-L6B;2;Yangambi;Scorodophloeus zenkeri;;;55,1;27,60185399
JEU-L6B;14;Yangambi;Anonidium mannii;;;56;27,82947539
JEU-L6B;9;Yangambi;Chrysophyllum lacourtianum;;;56,1;27,85465496
JEU-L6B;9;Yangambi;Strombosiopsis tetrandra;;;57,3;28,15510081
JEU-L6B;14;Yangambi;Pericopsis elata;;;58,6;28,47710328
JEU-L6B;4;Yangambi;Anonidium mannii;;;59,6;28,72240739
JEU-L6B;1;Yangambi;Fernandoa adolfi-friderici;;;60,2;28,86861643
JEU-L6B;11;Yangambi;Pericopsis elata;;;60,6;28,96569024
JEU-L6B;10;Yangambi;Scorodophloeus zenkeri;;;61,7;29,23102594
JEU-L6B;4;Yangambi;Strombosia pustulata;;;62,6;29,44638854
JEU-L6B;15;Yangambi;Anonidium mannii;;;68,5;30,8219463
JEU-L6B;15;Yangambi;Scorodophloeus zenkeri;;;69;30,93578301
JEU-L6B;6;Yangambi;Scorodophloeus zenkeri;;;69,8;31,117079
JEU-L6B;11;Yangambi;Erythrophleum suaveolens;;;71,6;31,52128544
JEU-L6B;15;Yangambi;Anonidium mannii;;;73,6;31,96457047
JEU-L6B;6;Yangambi;Pericopsis elata;;;75,7;32,42367295
JEU-L6B;9;Yangambi;Albizia adianthifolia;;;78,6;33,0474685
JEU-L6B;15;Yangambi;Canarium schweinfurthii;;;80,7;33,49212501
JEU-L6B;2;Yangambi;Pericopsis elata;;;80,9;33,53417407
JEU-L6B;12;Yangambi;Klainedoxa gabonensis;;;83;33,97263192
JEU-L6B;1;Yangambi;Combretum lokele;;;83,4;34,05552501
JEU-L6B;7;Yangambi;Klainedoxa gabonensis;;;84,5;34,28247552
JEU-L6B;14;Yangambi;Blighia welwitschii;;;84,7;34,3235824
JEU-L6B;15;Yangambi;Lovoa trichilioides;;;91,2;35,63443624
JEU-L6B;3;Yangambi;Parinari excelsa;;;103,5;37,99459085
JEU-L6B;5;Yangambi;Parinari excelsa;;;110;39,1859573
JEU-L6B;8;Yangambi;Dialium pachyphyllum;;;113;39,72409133
MIX-L6A;2;Yangambi;Polyalthia suaveolens;;;10;11,621134
MIX-L6A;4;Yangambi;Staudtia kamerunensis;;;10;11,621134
MIX-L6A;11;Yangambi;Trilepisium madagascariense;;;10;11,621134
MIX-L6A;11;Yangambi;Polyalthia suaveolens;;;10;11,621134
MIX-L6A;14;Yangambi;Polyalthia suaveolens;;;10;11,621134
MIX-L6A;9;Yangambi;Anonidium mannii;;;10,1;11,67989701
MIX-L6A;15;Yangambi;Staudtia kamerunensis;;;10,1;11,67989701
MIX-L6A;8;Yangambi;Polyalthia suaveolens;;;10,2;11,73837382
MIX-L6A;12;Yangambi;Polyalthia suaveolens;;;10,2;11,73837382
MIX-L6A;14;Yangambi;Garcinia punctata;;;10,2;11,73837382
MIX-L6A;3;Yangambi;Carapa procera;;;10,3;11,79656861
MIX-L6A;3;Yangambi;Radlkofera calodendron;;;10,3;11,79656861
MIX-L6A;5;Yangambi;Coelocaryon preussii;;;10,3;11,79656861
MIX-L6A;12;Yangambi;Petersianthus macrocarpus;;;10,3;11,79656861
MIX-L6A;4;Yangambi;Celtis mildbraedii;;;10,4;11,85448546
MIX-L6A;12;Yangambi;Drypetes gossweileri;;;10,4;11,85448546
MIX-L6A;14;Yangambi;Tabernaemontana crassa;;;10,4;11,85448546
MIX-L6A;8;Yangambi;Maranthes glabra;;;10,5;11,91212836
MIX-L6A;8;Yangambi;Anonidium mannii;;;10,5;11,91212836
MIX-L6A;10;Yangambi;Staudtia kamerunensis;;;10,5;11,91212836
MIX-L6A;12;Yangambi;Carapa procera;;;10,5;11,91212836
MIX-L6A;14;Yangambi;Celtis mildbraedii;;;10,5;11,91212836
MIX-L6A;15;Yangambi;Scorodophloeus zenkeri;;;10,5;11,91212836
MIX-L6A;16;Yangambi;Dialium zenkeri;;;10,5;11,91212836
MIX-L6A;3;Yangambi;Drypetes paxii;;;10,6;11,96950118
MIX-L6A;4;Yangambi;Coelocaryon preussii;;;10,6;11,96950118
MIX-L6A;10;Yangambi;Carapa procera;;;10,6;11,96950118
MIX-L6A;11;Yangambi;Dialium zenkeri;;;10,6;11,96950118
MIX-L6A;14;Yangambi;Polyalthia suaveolens;;;10,6;11,96950118
MIX-L6A;16;Yangambi;Polyalthia suaveolens;;;10,6;11,96950118
MIX-L6A;4;Yangambi;Cola digitata;;;10,7;12,02660772
MIX-L6A;5;Yangambi;Petersianthus macrocarpus;;;10,7;12,02660772
MIX-L6A;5;Yangambi;Petersianthus macrocarpus;;;10,7;12,02660772
MIX-L6A;13;Yangambi;Leplaea thompsonii;;;10,7;12,02660772
MIX-L6A;15;Yangambi;Garcinia epunctata;;;10,7;12,02660772
MIX-L6A;16;Yangambi;Tridesmostemon omphalocarpoides;;;10,7;12,02660772
MIX-L6A;2;Yangambi;Sterculia dawei;;;10,8;12,0834517
MIX-L6A;15;Yangambi;Cola griseiflora;;;10,8;12,0834517
MIX-L6A;6;Yangambi;Cola lateritia;;;10,9;12,14003673
MIX-L6A;8;Yangambi;Scorodophloeus zenkeri;;;10,9;12,14003673
MIX-L6A;1;Yangambi;Petersianthus macrocarpus;;;11;12,19636634
MIX-L6A;12;Yangambi;Prioria oxyphylla;;;11;12,19636634
MIX-L6A;16;Yangambi;Celtis mildbraedii;;;11;12,19636634
MIX-L6A;6;Yangambi;Autranella congolensis;;;11,1;12,25244401
MIX-L6A;11;Yangambi;Polyalthia suaveolens;;;11,1;12,25244401
MIX-L6A;14;Yangambi;Cola griseiflora;;;11,1;12,25244401
MIX-L6A;14;Yangambi;Polyalthia suaveolens;;;11,2;12,30827311
MIX-L6A;2;Yangambi;Dialium pachyphyllum;;;11,3;12,36385695
MIX-L6A;6;Yangambi;Staudtia kamerunensis;;;11,3;12,36385695
MIX-L6A;8;Yangambi;Polyalthia suaveolens;;;11,3;12,36385695
MIX-L6A;9;Yangambi;Diospyros canaliculata;;;11,3;12,36385695
MIX-L6A;10;Yangambi;Diospyros canaliculata;;;11,3;12,36385695
MIX-L6A;1;Yangambi;Vitex welwitschii;;;11,4;12,41919877
MIX-L6A;9;Yangambi;Synsepalum subcordatum;;;11,4;12,41919877
MIX-L6A;11;Yangambi;Cola griseiflora;;;11,4;12,41919877
MIX-L6A;10;Yangambi;Celtis mildbraedii;;;11,5;12,47430171
MIX-L6A;13;Yangambi;Radlkofera calodendron;;;11,5;12,47430171
MIX-L6A;1;Yangambi;Polyalthia suaveolens;;;11,6;12,52916889
MIX-L6A;11;Yangambi;Celtis mildbraedii;;;11,6;12,52916889
MIX-L6A;14;Yangambi;Polyalthia suaveolens;;;11,6;12,52916889
MIX-L6A;16;Yangambi;Cola digitata;;;11,6;12,52916889
MIX-L6A;6;Yangambi;Petersianthus macrocarpus;;;11,7;12,58380333
MIX-L6A;6;Yangambi;Strombosia grandifolia;;;11,7;12,58380333
MIX-L6A;7;Yangambi;Dacryodes osika;;;11,7;12,58380333
MIX-L6A;4;Yangambi;Polyalthia suaveolens;;;11,9;12,69238577
MIX-L6A;7;Yangambi;Strombosia grandifolia;;;11,9;12,69238577
MIX-L6A;8;Yangambi;Celtis mildbraedii;;;11,9;12,69238577
MIX-L6A;12;Yangambi;Garcinia ovalifolia;;;11,9;12,69238577
MIX-L6A;12;Yangambi;Staudtia kamerunensis;;;11,9;12,69238577
MIX-L6A;13;Yangambi;Coelocaryon preussii;;;11,9;12,69238577
MIX-L6A;16;Yangambi;Pleiocarpa pycnantha;;;11,9;12,69238577
MIX-L6A;6;Yangambi;Pycnanthus angolensis;;;12;12,74633952
MIX-L6A;8;Yangambi;Diospyros crassiflora;;;12;12,74633952
MIX-L6A;12;Yangambi;Diospyros canaliculata;;;12;12,74633952
MIX-L6A;1;Yangambi;Dialium corbisieri;;;12,1;12,80007201
MIX-L6A;1;Yangambi;Panda oleosa;;;12,2;12,85358598
MIX-L6A;4;Yangambi;Trichilia prieuriana;;;12,2;12,85358598
MIX-L6A;11;Yangambi;Polyalthia suaveolens;;;12,2;12,85358598
MIX-L6A;14;Yangambi;Diospyros canaliculata;;;12,3;12,90688409
MIX-L6A;10;Yangambi;Petersianthus macrocarpus;;;12,4;12,95996895
MIX-L6A;12;Yangambi;Staudtia kamerunensis;;;12,4;12,95996895
MIX-L6A;16;Yangambi;Strombosia pustulata;;;12,4;12,95996895
MIX-L6A;4;Yangambi;Anonidium mannii;;;12,5;13,01284313
MIX-L6A;5;Yangambi;Panda oleosa;;;12,5;13,01284313
MIX-L6A;14;Yangambi;Drypetes indet;;;12,5;13,01284313
MIX-L6A;16;Yangambi;Celtis tessmannii;;;12,5;13,01284313
MIX-L6A;7;Yangambi;Chrysophyllum africanum;;;12,6;13,06550914
MIX-L6A;11;Yangambi;Staudtia kamerunensis;;;12,6;13,06550914
MIX-L6A;13;Yangambi;Drypetes indet;;;12,6;13,06550914
MIX-L6A;14;Yangambi;Treculia africana;;;12,6;13,06550914
MIX-L6A;8;Yangambi;Polyalthia suaveolens;;;12,7;13,11796944
MIX-L6A;12;Yangambi;Petersianthus macrocarpus;;;12,7;13,11796944
MIX-L6A;13;Yangambi;Rinorea welwitschii;;;12,8;13,17022645
MIX-L6A;11;Yangambi;Carapa procera;;;12,9;13,22228253
MIX-L6A;13;Yangambi;Strombosia grandifolia;;;12,9;13,22228253
MIX-L6A;15;Yangambi;Trichilia welwitschii;;;12,9;13,22228253
MIX-L6A;2;Yangambi;Petersianthus macrocarpus;;;13;13,27414001
MIX-L6A;10;Yangambi;Trilepisium madagascariense;;;13;13,27414001
MIX-L6A;12;Yangambi;Anonidium mannii;;;13;13,27414001
MIX-L6A;8;Yangambi;Drypetes paxii;;;13,2;13,37726821
MIX-L6A;11;Yangambi;Klainedoxa gabonensis;;;13,2;13,37726821
MIX-L6A;1;Yangambi;Petersianthus macrocarpus;;;13,3;13,42854335
MIX-L6A;2;Yangambi;Pancovia harmsiana;;;13,3;13,42854335
MIX-L6A;10;Yangambi;Staudtia kamerunensis;;;13,4;13,47962874
MIX-L6A;10;Yangambi;Tabernaemontana crassa;;;13,5;13,53052649
MIX-L6A;12;Yangambi;Drypetes gossweileri;;;13,5;13,53052649
MIX-L6A;14;Yangambi;Pleiocarpa pycnantha;;;13,5;13,53052649
MIX-L6A;10;Yangambi;Staudtia kamerunensis;;;13,6;13,58123867
MIX-L6A;12;Yangambi;Diospyros canaliculata;;;13,6;13,58123867
MIX-L6A;13;Yangambi;Rinorea welwitschii;;;13,7;13,63176731
MIX-L6A;8;Yangambi;Anonidium mannii;;;13,8;13,68211441
MIX-L6A;15;Yangambi;Petersianthus macrocarpus;;;13,8;13,68211441
MIX-L6A;9;Yangambi;Scorodophloeus zenkeri;;;13,9;13,73228193
MIX-L6A;10;Yangambi;Celtis mildbraedii;;;13,9;13,73228193
MIX-L6A;15;Yangambi;Trichilia gilgiana;;;13,9;13,73228193
MIX-L6A;1;Yangambi;Polyalthia suaveolens;;;14;13,78227179
MIX-L6A;6;Yangambi;Barteria nigritana;;;14;13,78227179
MIX-L6A;16;Yangambi;Prioria oxyphylla;;;14;13,78227179
MIX-L6A;13;Yangambi;Diospyros crassiflora;;;14,1;13,83208589
MIX-L6A;6;Yangambi;indet indet;;;14,2;13,88172608
MIX-L6A;4;Yangambi;Coelocaryon preussii;;;14,3;13,9311942
MIX-L6A;15;Yangambi;Diospyros canaliculata;;;14,3;13,9311942
MIX-L6A;1;Yangambi;Celtis mildbraedii;;;14,4;13,98049202
MIX-L6A;13;Yangambi;Treculia africana;;;14,4;13,98049202
MIX-L6A;5;Yangambi;Staudtia kamerunensis;;;14,5;14,02962132
MIX-L6A;1;Yangambi;Drypetes gossweileri;;;14,6;14,07858384
MIX-L6A;3;Yangambi;Maranthes glabra;;;14,6;14,07858384
MIX-L6A;6;Yangambi;Staudtia kamerunensis;;;14,7;14,12738126
MIX-L6A;14;Yangambi;Anonidium mannii;;;14,7;14,12738126
MIX-L6A;4;Yangambi;Rinorea indet;;;14,8;14,17601527
MIX-L6A;9;Yangambi;Celtis mildbraedii;;;14,8;14,17601527
MIX-L6A;8;Yangambi;Piptadeniastrum africanum;;;15;14,2727996
MIX-L6A;11;Yangambi;Polyalthia suaveolens;;;15;14,2727996
MIX-L6A;4;Yangambi;Polyalthia suaveolens;;;15,1;14,32095313
MIX-L6A;5;Yangambi;Petersianthus macrocarpus;;;15,1;14,32095313
MIX-L6A;7;Yangambi;Staudtia kamerunensis;;;15,1;14,32095313
MIX-L6A;13;Yangambi;Polyalthia suaveolens;;;15,3;14,41679075
MIX-L6A;2;Yangambi;Carapa procera;;;15,4;14,4644779
MIX-L6A;5;Yangambi;Petersianthus macrocarpus;;;15,4;14,4644779
MIX-L6A;6;Yangambi;Diospyros dendo;;;15,4;14,4644779
MIX-L6A;3;Yangambi;Celtis mildbraedii;;;15,5;14,51201259
MIX-L6A;12;Yangambi;Staudtia kamerunensis;;;15,5;14,51201259
MIX-L6A;15;Yangambi;Barteria nigritana;;;15,5;14,51201259
MIX-L6A;10;Yangambi;Entandrophragma angolense;;;15,6;14,55939631
MIX-L6A;12;Yangambi;Diospyros canaliculata;;;15,6;14,55939631
MIX-L6A;15;Yangambi;Trichilia prieuriana;;;15,6;14,55939631
MIX-L6A;16;Yangambi;Carapa procera;;;15,6;14,55939631
MIX-L6A;13;Yangambi;Leplaea thompsonii;;;15,7;14,60663048
MIX-L6A;16;Yangambi;Dialium excelsum;;;15,7;14,60663048
MIX-L6A;10;Yangambi;Polyalthia suaveolens;;;15,9;14,70065586
MIX-L6A;12;Yangambi;Leplaea thompsonii;;;15,9;14,70065586
MIX-L6A;16;Yangambi;Diospyros canaliculata;;;15,9;14,70065586
MIX-L6A;7;Yangambi;Polyalthia suaveolens;;;16;14,74744985
MIX-L6A;15;Yangambi;Petersianthus macrocarpus;;;16;14,74744985
MIX-L6A;11;Yangambi;Strombosia grandifolia;;;16,3;14,88697316
MIX-L6A;4;Yangambi;Drypetes gossweileri;;;16,4;14,9331991
MIX-L6A;1;Yangambi;Anonidium mannii;;;16,6;15,02523588
MIX-L6A;10;Yangambi;Polyalthia suaveolens;;;16,7;15,07104921
MIX-L6A;13;Yangambi;Strombosia grandifolia;;;16,7;15,07104921
MIX-L6A;13;Yangambi;Drypetes gossweileri;;;16,7;15,07104921
MIX-L6A;7;Yangambi;Carapa procera;;;16,8;15,11672748
MIX-L6A;2;Yangambi;Dialium excelsum;;;16,9;15,16227186
MIX-L6A;12;Yangambi;Diospyros canaliculata;;;16,9;15,16227186
MIX-L6A;14;Yangambi;Scorodophloeus zenkeri;;;17;15,20768355
MIX-L6A;6;Yangambi;Polyalthia suaveolens;;;17,2;15,29811349
MIX-L6A;10;Yangambi;Synsepalum brevipes;;;17,3;15,34313402
MIX-L6A;14;Yangambi;Trichilia prieuriana;;;17,3;15,34313402
MIX-L6A;7;Yangambi;Microdesmis yafungana;;;17,4;15,3880264
MIX-L6A;16;Yangambi;Klainedoxa gabonensis;;;17,4;15,3880264
MIX-L6A;9;Yangambi;Staudtia kamerunensis;;;17,8;15,56633627
MIX-L6A;1;Yangambi;Pancovia laurentii;;;18;15,65475018
MIX-L6A;5;Yangambi;Petersianthus macrocarpus;;;18;15,65475018
MIX-L6A;3;Yangambi;Tabernaemontana crassa;;;18,1;15,69877548
MIX-L6A;11;Yangambi;Allanblackia floribunda;;;18,1;15,69877548
MIX-L6A;3;Yangambi;Myrianthus arboreus;;;18,2;15,742681
MIX-L6A;6;Yangambi;Polyalthia suaveolens;;;18,2;15,742681
MIX-L6A;10;Yangambi;Scorodophloeus zenkeri;;;18,2;15,742681
MIX-L6A;12;Yangambi;Erythrophleum suaveolens;;;18,2;15,742681
MIX-L6A;12;Yangambi;Polyalthia suaveolens;;;18,3;15,78646773
MIX-L6A;10;Yangambi;Drypetes indet;;;18,4;15,83013663
MIX-L6A;12;Yangambi;Polyalthia suaveolens;;;18,5;15,87368866
MIX-L6A;14;Yangambi;Prioria oxyphylla;;;18,5;15,87368866
MIX-L6A;13;Yangambi;Staudtia kamerunensis;;;18,8;16,00365287
MIX-L6A;3;Yangambi;Celtis tessmannii;;;19;16,08972825
MIX-L6A;16;Yangambi;Vitex congolensis;;;19;16,08972825
MIX-L6A;3;Yangambi;Staudtia kamerunensis;;;19,1;16,1325984
MIX-L6A;15;Yangambi;Tabernaemontana crassa;;;19,1;16,1325984
MIX-L6A;15;Yangambi;Leplaea thompsonii;;;19,1;16,1325984
MIX-L6A;6;Yangambi;Panda oleosa;;;19,3;16,21800794
MIX-L6A;2;Yangambi;Desplatsia dewevrei;;;19,4;16,26054905
MIX-L6A;6;Yangambi;Staudtia kamerunensis;;;19,5;16,30298216
MIX-L6A;6;Yangambi;Scorodophloeus zenkeri;;;19,5;16,30298216
MIX-L6A;9;Yangambi;Anonidium mannii;;;19,7;16,3875277
MIX-L6A;16;Yangambi;Pterocarpus soyauxii;;;19,7;16,3875277
MIX-L6A;2;Yangambi;Staudtia kamerunensis;;;19,8;16,42964175
MIX-L6A;15;Yangambi;Petersianthus macrocarpus;;;19,8;16,42964175
MIX-L6A;6;Yangambi;Tridesmostemon omphalocarpoides;;;19,9;16,47165105
MIX-L6A;12;Yangambi;Polyalthia suaveolens;;;19,9;16,47165105
MIX-L6A;5;Yangambi;Scorodophloeus zenkeri;;;20;16,51355638
MIX-L6A;7;Yangambi;Petersianthus macrocarpus;;;20;16,51355638
MIX-L6A;14;Yangambi;Strombosiopsis tetrandra;;;20;16,51355638
MIX-L6A;9;Yangambi;Polyalthia suaveolens;;;20,1;16,55535852
MIX-L6A;5;Yangambi;Tabernaemontana crassa;;;20,2;16,59705824
MIX-L6A;13;Yangambi;Panda oleosa;;;20,2;16,59705824
MIX-L6A;13;Yangambi;Garcinia epunctata;;;20,3;16,63865629
MIX-L6A;2;Yangambi;Polyalthia suaveolens;;;20,5;16,72155035
MIX-L6A;10;Yangambi;Trichilia prieuriana;;;20,5;16,72155035
MIX-L6A;9;Yangambi;Polyalthia suaveolens;;;20,6;16,76284784
MIX-L6A;14;Yangambi;Polyalthia suaveolens;;;20,6;16,76284784
MIX-L6A;9;Yangambi;Scorodophloeus zenkeri;;;20,8;16,84514731
MIX-L6A;1;Yangambi;Anonidium mannii;;;20,9;16,88615072
MIX-L6A;15;Yangambi;indet indet;;;20,9;16,88615072
MIX-L6A;9;Yangambi;Leplaea thompsonii;;;21;16,92705749
MIX-L6A;14;Yangambi;Cola lateritia;;;21;16,92705749
MIX-L6A;2;Yangambi;Petersianthus macrocarpus;;;21,1;16,96786833
MIX-L6A;15;Yangambi;Celtis mildbraedii;;;21,3;17,04920488
MIX-L6A;15;Yangambi;Funtumia elastica;;;21,4;17,08973193
MIX-L6A;10;Yangambi;Scorodophloeus zenkeri;;;21,6;17,17050685
MIX-L6A;10;Yangambi;Polyalthia suaveolens;;;21,7;17,21075601
MIX-L6A;12;Yangambi;Strombosia grandifolia;;;21,7;17,21075601
MIX-L6A;13;Yangambi;Oncoba glauca;;;21,7;17,21075601
MIX-L6A;13;Yangambi;Drypetes gossweileri;;;21,9;17,29098088
MIX-L6A;7;Yangambi;Petersianthus macrocarpus;;;22;17,33095784
MIX-L6A;8;Yangambi;Scorodophloeus zenkeri;;;22;17,33095784
MIX-L6A;11;Yangambi;Strombosia grandifolia;;;22;17,33095784
MIX-L6A;2;Yangambi;Petersianthus macrocarpus;;;22,2;17,41064384
MIX-L6A;4;Yangambi;Petersianthus macrocarpus;;;22,3;17,45035409
MIX-L6A;10;Yangambi;Chrysophyllum lacourtianum;;;22,3;17,45035409
MIX-L6A;16;Yangambi;Staudtia kamerunensis;;;22,3;17,45035409
MIX-L6A;16;Yangambi;Leplaea thompsonii;;;22,3;17,45035409
MIX-L6A;16;Yangambi;Scorodophloeus zenkeri;;;22,3;17,45035409
MIX-L6A;6;Yangambi;Staudtia kamerunensis;;;22,4;17,48997663
MIX-L6A;10;Yangambi;Trichilia welwitschii;;;22,4;17,48997663
MIX-L6A;15;Yangambi;Scorodophloeus zenkeri;;;22,7;17,6083238
MIX-L6A;6;Yangambi;Staudtia kamerunensis;;;22,9;17,68679389
MIX-L6A;9;Yangambi;Staudtia kamerunensis;;;22,9;17,68679389
MIX-L6A;12;Yangambi;Strombosia grandifolia;;;23;17,7259022
MIX-L6A;5;Yangambi;Cola lateritia;;;23,1;17,76492676
MIX-L6A;14;Yangambi;Myrianthus arboreus;;;23,2;17,80386811
MIX-L6A;15;Yangambi;Scorodophloeus zenkeri;;;23,3;17,84272677
MIX-L6A;10;Yangambi;Polyalthia suaveolens;;;23,6;17,95881196
MIX-L6A;15;Yangambi;Chrysophyllum africanum;;;23,8;18,03579824
MIX-L6A;11;Yangambi;Polyalthia suaveolens;;;23,9;18,07417175
MIX-L6A;1;Yangambi;Synsepalum subcordatum;;;24;18,11246616
MIX-L6A;14;Yangambi;Paramacrolobium coeruleum;;;24;18,11246616
MIX-L6A;5;Yangambi;Barteria nigritana;;;24,4;18,26486269
MIX-L6A;3;Yangambi;Pericopsis elata;;;24,5;18,30276893
MIX-L6A;2;Yangambi;Petersianthus macrocarpus;;;24,6;18,34059896
MIX-L6A;2;Yangambi;Tabernaemontana crassa;;;24,9;18,45363634
MIX-L6A;2;Yangambi;Polyalthia suaveolens;;;25;18,49116608
MIX-L6A;7;Yangambi;Anonidium mannii;;;25,1;18,52862186
MIX-L6A;13;Yangambi;Scorodophloeus zenkeri;;;25,2;18,56600414
MIX-L6A;14;Yangambi;Scorodophloeus zenkeri;;;25,2;18,56600414
MIX-L6A;1;Yangambi;Anonidium mannii;;;25,4;18,64054989
MIX-L6A;10;Yangambi;Scorodophloeus zenkeri;;;25,4;18,64054989
MIX-L6A;6;Yangambi;Petersianthus macrocarpus;;;25,5;18,67771422
MIX-L6A;15;Yangambi;Strombosiopsis tetrandra;;;25,5;18,67771422
MIX-L6A;1;Yangambi;Polyalthia suaveolens;;;25,6;18,71480676
MIX-L6A;13;Yangambi;Polyalthia suaveolens;;;25,6;18,71480676
MIX-L6A;2;Yangambi;Coelocaryon preussii;;;25,7;18,75182792
MIX-L6A;3;Yangambi;Polyalthia suaveolens;;;25,7;18,75182792
MIX-L6A;14;Yangambi;Scorodophloeus zenkeri;;;25,7;18,75182792
MIX-L6A;8;Yangambi;Staudtia kamerunensis;;;25,8;18,78877812
MIX-L6A;9;Yangambi;Scorodophloeus zenkeri;;;25,8;18,78877812
MIX-L6A;2;Yangambi;Leplaea cedrata;;;26;18,86246725
MIX-L6A;16;Yangambi;Scorodophloeus zenkeri;;;26,2;18,93587741
MIX-L6A;16;Yangambi;Anonidium mannii;;;26,2;18,93587741
MIX-L6A;7;Yangambi;Pancovia laurentii;;;26,4;19,00901176
MIX-L6A;7;Yangambi;Scorodophloeus zenkeri;;;26,5;19,04547648
MIX-L6A;15;Yangambi;Scorodophloeus zenkeri;;;26,7;19,11820293
MIX-L6A;1;Yangambi;Polyalthia suaveolens;;;26,9;19,19066125
MIX-L6A;3;Yangambi;Petersianthus macrocarpus;;;26,9;19,19066125
MIX-L6A;10;Yangambi;Polyalthia suaveolens;;;26,9;19,19066125
MIX-L6A;6;Yangambi;Anonidium mannii;;;27;19,2267908
MIX-L6A;10;Yangambi;Synsepalum subcordatum;;;27,2;19,29885247
MIX-L6A;12;Yangambi;Trichilia prieuriana;;;27,4;19,37065334
MIX-L6A;5;Yangambi;Polyalthia suaveolens;;;27,6;19,44219624
MIX-L6A;5;Yangambi;Staudtia kamerunensis;;;27,7;19,47787183
MIX-L6A;8;Yangambi;Barteria nigritana;;;27,8;19,51348396
MIX-L6A;14;Yangambi;Leplaea thompsonii;;;27,8;19,51348396
MIX-L6A;8;Yangambi;Strombosia grandifolia;;;27,9;19,54903299
MIX-L6A;16;Yangambi;Chrysophyllum lacourtianum;;;27,9;19,54903299
MIX-L6A;6;Yangambi;Irvingia grandifolia;;;28;19,58451923
MIX-L6A;2;Yangambi;Polyalthia suaveolens;;;28,2;19,65530475
MIX-L6A;16;Yangambi;Entandrophragma angolense;;;28,5;19,76102048
MIX-L6A;2;Yangambi;Petersianthus macrocarpus;;;28,6;19,79613701
MIX-L6A;4;Yangambi;Anonidium mannii;;;28,6;19,79613701
MIX-L6A;2;Yangambi;Polyalthia suaveolens;;;28,7;19,83119305
MIX-L6A;2;Yangambi;Synsepalum subcordatum;;;28,8;19,86618891
MIX-L6A;9;Yangambi;Diospyros crassiflora;;;29;19,93600133
MIX-L6A;11;Yangambi;Drypetes gossweileri;;;29;19,93600133
MIX-L6A;12;Yangambi;Scorodophloeus zenkeri;;;29;19,93600133
MIX-L6A;10;Yangambi;Cola lateritia;;;29,1;19,97081851
MIX-L6A;13;Yangambi;Tridesmostemon omphalocarpoides;;;29,1;19,97081851
MIX-L6A;13;Yangambi;Petersianthus macrocarpus;;;29,6;20,14402618
MIX-L6A;5;Yangambi;Leplaea thompsonii;;;30,6;20,48616658
MIX-L6A;16;Yangambi;Polyalthia suaveolens;;;30,7;20,52007536
MIX-L6A;3;Yangambi;Musanga cecropioides;;;30,8;20,55392971
MIX-L6A;5;Yangambi;Drypetes gossweileri;;;31;20,6214762
MIX-L6A;16;Yangambi;Strombosia grandifolia;;;31;20,6214762
MIX-L6A;7;Yangambi;Polyalthia suaveolens;;;31,2;20,68880816
MIX-L6A;11;Yangambi;Scorodophloeus zenkeri;;;31,2;20,68880816
MIX-L6A;9;Yangambi;Leplaea thompsonii;;;31,7;20,85621277
MIX-L6A;3;Yangambi;Polyalthia suaveolens;;;31,8;20,88953708
MIX-L6A;13;Yangambi;Anonidium mannii;;;31,8;20,88953708
MIX-L6A;13;Yangambi;Panda oleosa;;;31,8;20,88953708
MIX-L6A;4;Yangambi;Polyalthia suaveolens;;;32,1;20,98920115
MIX-L6A;7;Yangambi;Polyalthia suaveolens;;;32,2;21,02232036
MIX-L6A;4;Yangambi;Staudtia kamerunensis;;;32,3;21,0553889
MIX-L6A;5;Yangambi;Panda oleosa;;;32,3;21,0553889
MIX-L6A;13;Yangambi;Anonidium mannii;;;32,3;21,0553889
MIX-L6A;10;Yangambi;Polyalthia suaveolens;;;32,4;21,08840698
MIX-L6A;10;Yangambi;Leplaea thompsonii;;;32,8;21,21997951
MIX-L6A;11;Yangambi;Polyalthia suaveolens;;;32,8;21,21997951
MIX-L6A;14;Yangambi;Panda oleosa;;;32,8;21,21997951
MIX-L6A;13;Yangambi;Anonidium mannii;;;32,9;21,25274882
MIX-L6A;12;Yangambi;Leplaea thompsonii;;;33;21,28546905
MIX-L6A;9;Yangambi;Scorodophloeus zenkeri;;;33,3;21,38333751
MIX-L6A;13;Yangambi;Anonidium mannii;;;33,3;21,38333751
MIX-L6A;12;Yangambi;Petersianthus macrocarpus;;;34,1;21,64221482
MIX-L6A;10;Yangambi;Scorodophloeus zenkeri;;;34,2;21,67436297
MIX-L6A;7;Yangambi;Margaritaria discoidea;;;34,3;21,7064648
MIX-L6A;4;Yangambi;Strombosia grandifolia;;;34,4;21,73852051
MIX-L6A;8;Yangambi;Synsepalum subcordatum;;;34,4;21,73852051
MIX-L6A;1;Yangambi;Polyalthia suaveolens;;;34,6;21,80249438
MIX-L6A;4;Yangambi;Drypetes gossweileri;;;34,6;21,80249438
MIX-L6A;12;Yangambi;Anonidium mannii;;;34,9;21,89811427
MIX-L6A;4;Yangambi;Polyalthia suaveolens;;;35;21,92989743
MIX-L6A;16;Yangambi;Panda oleosa;;;35,3;22,0249792
MIX-L6A;6;Yangambi;Petersianthus macrocarpus;;;35,8;22,18256767
MIX-L6A;7;Yangambi;Anonidium mannii;;;35,9;22,21395485
MIX-L6A;13;Yangambi;Trilepisium madagascariense;;;35,9;22,21395485
MIX-L6A;15;Yangambi;Anonidium mannii;;;36;22,24529894
MIX-L6A;5;Yangambi;Anonidium mannii;;;36,3;22,33907453
MIX-L6A;12;Yangambi;Panda oleosa;;;36,3;22,33907453
MIX-L6A;14;Yangambi;Strombosia grandifolia;;;36,6;22,43246873
MIX-L6A;1;Yangambi;Polyalthia suaveolens;;;36,7;22,46351618
MIX-L6A;14;Yangambi;Anonidium mannii;;;36,9;22,5254862
MIX-L6A;14;Yangambi;Strombosiopsis tetrandra;;;37,3;22,64893136
MIX-L6A;14;Yangambi;Strombosia grandifolia;;;37,4;22,67969051
MIX-L6A;16;Yangambi;Drypetes gossweileri;;;37,5;22,71040914
MIX-L6A;3;Yangambi;Polyalthia suaveolens;;;37,7;22,77172546
MIX-L6A;5;Yangambi;Drypetes gossweileri;;;37,7;22,77172546
MIX-L6A;11;Yangambi;Polyalthia suaveolens;;;37,8;22,80232346
MIX-L6A;1;Yangambi;Anonidium mannii;;;38;22,86339997
MIX-L6A;9;Yangambi;Anonidium mannii;;;38,3;22,95471829
MIX-L6A;2;Yangambi;Polyalthia suaveolens;;;38,6;23,04568458
MIX-L6A;9;Yangambi;Chrysophyllum lacourtianum;;;39;23,16643239
MIX-L6A;13;Yangambi;Anonidium mannii;;;39;23,16643239
MIX-L6A;2;Yangambi;Panda oleosa;;;39,3;23,256593
MIX-L6A;1;Yangambi;Leplaea thompsonii;;;39,4;23,28657106
MIX-L6A;7;Yangambi;Scorodophloeus zenkeri;;;39,4;23,28657106
MIX-L6A;2;Yangambi;Panda oleosa;;;39,5;23,31651164
MIX-L6A;9;Yangambi;Polyalthia suaveolens;;;39,6;23,34641486
MIX-L6A;7;Yangambi;Pycnanthus angolensis;;;39,8;23,4061098
MIX-L6A;5;Yangambi;Zanthoxylum gilletii;;;39,9;23,4359018
MIX-L6A;5;Yangambi;Vitex congolensis;;;40,1;23,49537555
MIX-L6A;8;Yangambi;Panda oleosa;;;40,7;23,6729246
MIX-L6A;8;Yangambi;Leplaea thompsonii;;;40,8;23,70239031
MIX-L6A;9;Yangambi;Millettia drastica;;;40,9;23,73182043
MIX-L6A;16;Yangambi;Strombosiopsis tetrandra;;;41;23,7612151
MIX-L6A;13;Yangambi;Celtis tessmannii;;;41,7;23,96599559
MIX-L6A;16;Yangambi;Anonidium mannii;;;41,7;23,96599559
MIX-L6A;10;Yangambi;Scorodophloeus zenkeri;;;41,9;24,02419238
MIX-L6A;16;Yangambi;Chrysophyllum lacourtianum;;;42;24,05323941
MIX-L6A;6;Yangambi;Dialium excelsum;;;42,2;24,11123135
MIX-L6A;9;Yangambi;Scorodophloeus zenkeri;;;42,5;24,19796573
MIX-L6A;7;Yangambi;Panda oleosa;;;42,6;24,22681007
MIX-L6A;10;Yangambi;Scorodophloeus zenkeri;;;42,7;24,25562103
MIX-L6A;14;Yangambi;Petersianthus macrocarpus;;;42,7;24,25562103
MIX-L6A;9;Yangambi;Anonidium mannii;;;43,4;24,45637318
MIX-L6A;12;Yangambi;Petersianthus macrocarpus;;;43,8;24,5703722
MIX-L6A;5;Yangambi;Celtis tessmannii;;;44,3;24,71215149
MIX-L6A;6;Yangambi;Petersianthus macrocarpus;;;44,3;24,71215149
MIX-L6A;11;Yangambi;Diospyros crassiflora;;;44,8;24,85314388
MIX-L6A;7;Yangambi;Petersianthus macrocarpus;;;45;24,90932345
MIX-L6A;14;Yangambi;Pterocarpus soyauxii;;;45;24,90932345
MIX-L6A;15;Yangambi;Trilepisium madagascariense;;;45,5;25,04923607
MIX-L6A;6;Yangambi;Leplaea thompsonii;;;45,6;25,07712747
MIX-L6A;1;Yangambi;Petersianthus macrocarpus;;;46,1;25,21613424
MIX-L6A;3;Yangambi;Drypetes gossweileri;;;46,3;25,27152867
MIX-L6A;14;Yangambi;Petersianthus macrocarpus;;;46,5;25,32680523
MIX-L6A;4;Yangambi;Trichilia indet;;;46,8;25,40950073
MIX-L6A;12;Yangambi;Strombosiopsis tetrandra;;;47,4;25,57411126
MIX-L6A;5;Yangambi;Panda oleosa;;;48;25,73769749
MIX-L6A;7;Yangambi;Petersianthus macrocarpus;;;48;25,73769749
MIX-L6A;5;Yangambi;Panda oleosa;;;49,1;26,0350081
MIX-L6A;13;Yangambi;Pycnanthus angolensis;;;49,9;26,24917603
MIX-L6A;4;Yangambi;Panda oleosa;;;50;26,27582761
MIX-L6A;8;Yangambi;Leplaea thompsonii;;;50;26,27582761
MIX-L6A;15;Yangambi;Chrysophyllum lacourtianum;;;50;26,27582761
MIX-L6A;8;Yangambi;Strombosiopsis tetrandra;;;50,1;26,30245293
MIX-L6A;8;Yangambi;Leplaea thompsonii;;;50,3;26,35562505
MIX-L6A;10;Yangambi;Pericopsis elata;;;50,3;26,35562505
MIX-L6A;3;Yangambi;Petersianthus macrocarpus;;;50,5;26,40869302
MIX-L6A;3;Yangambi;Klainedoxa gabonensis;;;51,1;26,56727817
MIX-L6A;8;Yangambi;Petersianthus macrocarpus;;;51,1;26,56727817
MIX-L6A;3;Yangambi;Drypetes gossweileri;;;51,3;26,61993564
MIX-L6A;6;Yangambi;Scorodophloeus zenkeri;;;51,4;26,64622641
MIX-L6A;13;Yangambi;Leplaea thompsonii;;;51,5;26,67249198
MIX-L6A;15;Yangambi;Albizia adianthifolia;;;52,4;26,90775955
MIX-L6A;16;Yangambi;Trilepisium madagascariense;;;52,5;26,93377698
MIX-L6A;7;Yangambi;Panda oleosa;;;52,6;26,95976998
MIX-L6A;1;Yangambi;Panda oleosa;;;52,8;27,01168298
MIX-L6A;7;Yangambi;Petersianthus macrocarpus;;;52,8;27,01168298
MIX-L6A;6;Yangambi;Panda oleosa;;;53,2;27,11521892
MIX-L6A;13;Yangambi;Cola lateritia;;;54,5;27,4490865
MIX-L6A;6;Yangambi;Scorodophloeus zenkeri;;;55;27,57644992
MIX-L6A;12;Yangambi;Scorodophloeus zenkeri;;;55,8;27,77904966
MIX-L6A;9;Yangambi;Scorodophloeus zenkeri;;;56,5;27,95515258
MIX-L6A;11;Yangambi;Panda oleosa;;;57,3;28,15510081
MIX-L6A;15;Yangambi;Chrysophyllum lacourtianum;;;57,6;28,22972618
MIX-L6A;15;Yangambi;Klainedoxa gabonensis;;;58;28,32892918
MIX-L6A;5;Yangambi;Scorodophloeus zenkeri;;;58,3;28,40311022
MIX-L6A;11;Yangambi;Scorodophloeus zenkeri;;;59,1;28,60001117
MIX-L6A;16;Yangambi;Petersianthus macrocarpus;;;59,8;28,77122404
MIX-L6A;8;Yangambi;Trilepisium madagascariense;;;60,2;28,86861643
MIX-L6A;3;Yangambi;Strombosiopsis tetrandra;;;61;29,0624486
MIX-L6A;3;Yangambi;Copaifera mildbraedii;;;62,1;29,32693259
MIX-L6A;7;Yangambi;Petersianthus macrocarpus;;;62,6;29,44638854
MIX-L6A;15;Yangambi;Drypetes gossweileri;;;62,7;29,47022321
MIX-L6A;10;Yangambi;Trichilia prieuriana;;;64,7;29,94303987
MIX-L6A;11;Yangambi;Scorodophloeus zenkeri;;;65;30,01333732
MIX-L6A;9;Yangambi;Chrysophyllum lacourtianum;;;65,1;30,03673423
MIX-L6A;4;Yangambi;Pterocarpus soyauxii;;;65,4;30,10681884
MIX-L6A;10;Yangambi;Scorodophloeus zenkeri;;;65,8;30,20001886
MIX-L6A;8;Yangambi;Klainedoxa gabonensis;;;66,2;30,29293993
MIX-L6A;14;Yangambi;Leplaea thompsonii;;;68,5;30,8219463
MIX-L6A;11;Yangambi;Strombosiopsis tetrandra;;;69,5;31,04921368
MIX-L6A;13;Yangambi;Petersianthus macrocarpus;;;75,4;32,35847486
MIX-L6A;10;Yangambi;Dialium excelsum;;;87,1;34,81318128
MIX-L6A;2;Yangambi;Erythrophleum suaveolens;;;101;37,52658229
MIX-L7A;1;Yangambi;Cola griseiflora;;;10;11,621134
MIX-L7A;7;Yangambi;Cola griseiflora;;;10;11,621134
MIX-L7A;12;Yangambi;Pancovia laurentii;;;10;11,621134
MIX-L7A;12;Yangambi;Celtis mildbraedii;;;10;11,621134
MIX-L7A;3;Yangambi;Scorodophloeus zenkeri;;;10,1;11,67989701
MIX-L7A;10;Yangambi;Afrostyrax lepidophyllus;;;10,1;11,67989701
MIX-L7A;11;Yangambi;Cola griseiflora;;;10,1;11,67989701
MIX-L7A;12;Yangambi;Dacryodes osika;;;10,1;11,67989701
MIX-L7A;13;Yangambi;Drypetes gossweileri;;;10,1;11,67989701
MIX-L7A;13;Yangambi;Microdesmis yafungana;;;10,1;11,67989701
MIX-L7A;14;Yangambi;Grossera multinervis;;;10,1;11,67989701
MIX-L7A;4;Yangambi;Staudtia kamerunensis;;;10,2;11,73837382
MIX-L7A;5;Yangambi;Anonidium mannii;;;10,2;11,73837382
MIX-L7A;9;Yangambi;Drypetes gossweileri;;;10,2;11,73837382
MIX-L7A;10;Yangambi;Allanblackia floribunda;;;10,2;11,73837382
MIX-L7A;12;Yangambi;Drypetes spinosodentata;;;10,2;11,73837382
MIX-L7A;2;Yangambi;Microdesmis yafungana;;;10,3;11,79656861
MIX-L7A;3;Yangambi;Drypetes indet;;;10,3;11,79656861
MIX-L7A;6;Yangambi;Cola griseiflora;;;10,3;11,79656861
MIX-L7A;6;Yangambi;Pleiocarpa pycnantha;;;10,3;11,79656861
MIX-L7A;2;Yangambi;Garcinia epunctata;;;10,4;11,85448546
MIX-L7A;2;Yangambi;Pancovia harmsiana;;;10,4;11,85448546
MIX-L7A;11;Yangambi;Turraeanthus africanus;;;10,4;11,85448546
MIX-L7A;14;Yangambi;Drypetes spinosodentata;;;10,4;11,85448546
MIX-L7A;15;Yangambi;Drypetes gossweileri;;;10,4;11,85448546
MIX-L7A;16;Yangambi;Trichilia prieuriana;;;10,4;11,85448546
MIX-L7A;2;Yangambi;Grossera multinervis;;;10,5;11,91212836
MIX-L7A;4;Yangambi;Anonidium mannii;;;10,5;11,91212836
MIX-L7A;11;Yangambi;Leplaea thompsonii;;;10,5;11,91212836
MIX-L7A;15;Yangambi;Polyalthia suaveolens;;;10,5;11,91212836
MIX-L7A;1;Yangambi;Pancovia harmsiana;;;10,6;11,96950118
MIX-L7A;3;Yangambi;Cola griseiflora;;;10,6;11,96950118
MIX-L7A;9;Yangambi;Staudtia kamerunensis;;;10,6;11,96950118
MIX-L7A;9;Yangambi;Pancovia harmsiana;;;10,6;11,96950118
MIX-L7A;13;Yangambi;Polyalthia suaveolens;;;10,6;11,96950118
MIX-L7A;16;Yangambi;Grossera multinervis;;;10,6;11,96950118
MIX-L7A;16;Yangambi;Diospyros hoyleana;;;10,6;11,96950118
MIX-L7A;16;Yangambi;Microdesmis yafungana;;;10,6;11,96950118
MIX-L7A;2;Yangambi;Cola griseiflora;;;10,7;12,02660772
MIX-L7A;4;Yangambi;Cola griseiflora;;;10,7;12,02660772
MIX-L7A;9;Yangambi;Strombosia grandifolia;;;10,7;12,02660772
MIX-L7A;4;Yangambi;Microdesmis yafungana;;;10,8;12,0834517
MIX-L7A;6;Yangambi;Grossera multinervis;;;10,8;12,0834517
MIX-L7A;8;Yangambi;Microdesmis yafungana;;;10,8;12,0834517
MIX-L7A;12;Yangambi;Pancovia harmsiana;;;10,8;12,0834517
MIX-L7A;13;Yangambi;Anonidium mannii;;;10,8;12,0834517
MIX-L7A;16;Yangambi;Strombosia pustulata;;;10,8;12,0834517
MIX-L7A;5;Yangambi;Scorodophloeus zenkeri;;;10,9;12,14003673
MIX-L7A;11;Yangambi;Diospyros crassiflora;;;10,9;12,14003673
MIX-L7A;15;Yangambi;Cola griseiflora;;;10,9;12,14003673
MIX-L7A;1;Yangambi;Cola griseiflora;;;11;12,19636634
MIX-L7A;4;Yangambi;Microdesmis yafungana;;;11;12,19636634
MIX-L7A;9;Yangambi;Staudtia kamerunensis;;;11;12,19636634
MIX-L7A;10;Yangambi;Staudtia kamerunensis;;;11;12,19636634
MIX-L7A;13;Yangambi;Cola griseiflora;;;11;12,19636634
MIX-L7A;12;Yangambi;Drypetes paxii;;;11,1;12,25244401
MIX-L7A;13;Yangambi;Cola griseiflora;;;11,1;12,25244401
MIX-L7A;2;Yangambi;Cola griseiflora;;;11,2;12,30827311
MIX-L7A;5;Yangambi;Leplaea thompsonii;;;11,2;12,30827311
MIX-L7A;12;Yangambi;Strombosia grandifolia;;;11,2;12,30827311
MIX-L7A;1;Yangambi;Microdesmis yafungana;;;11,3;12,36385695
MIX-L7A;2;Yangambi;Coelocaryon preussii;;;11,3;12,36385695
MIX-L7A;6;Yangambi;Microdesmis yafungana;;;11,3;12,36385695
MIX-L7A;12;Yangambi;Carapa procera;;;11,3;12,36385695
MIX-L7A;14;Yangambi;Grossera multinervis;;;11,3;12,36385695
MIX-L7A;1;Yangambi;Grossera multinervis;;;11,4;12,41919877
MIX-L7A;7;Yangambi;Strombosia pustulata;;;11,4;12,41919877
MIX-L7A;10;Yangambi;Polyalthia suaveolens;;;11,4;12,41919877
MIX-L7A;12;Yangambi;Trichilia prieuriana;;;11,4;12,41919877
MIX-L7A;12;Yangambi;Microdesmis yafungana;;;11,4;12,41919877
MIX-L7A;3;Yangambi;Diospyros boala;;;11,5;12,47430171
MIX-L7A;5;Yangambi;Microdesmis yafungana;;;11,5;12,47430171
MIX-L7A;10;Yangambi;Pycnanthus angolensis;;;11,5;12,47430171
MIX-L7A;13;Yangambi;Grossera multinervis;;;11,5;12,47430171
MIX-L7A;9;Yangambi;Leplaea thompsonii;;;11,6;12,52916889
MIX-L7A;10;Yangambi;Garcinia punctata;;;11,6;12,52916889
MIX-L7A;13;Yangambi;Microdesmis yafungana;;;11,6;12,52916889
MIX-L7A;5;Yangambi;Trichilia prieuriana;;;11,7;12,58380333
MIX-L7A;6;Yangambi;Grossera multinervis;;;11,7;12,58380333
MIX-L7A;8;Yangambi;Grossera multinervis;;;11,8;12,63820799
MIX-L7A;16;Yangambi;Grossera multinervis;;;11,8;12,63820799
MIX-L7A;16;Yangambi;Carapa procera;;;11,8;12,63820799
MIX-L7A;16;Yangambi;Polyalthia suaveolens;;;11,8;12,63820799
MIX-L7A;6;Yangambi;Microdesmis yafungana;;;11,9;12,69238577
MIX-L7A;8;Yangambi;Grossera multinervis;;;11,9;12,69238577
MIX-L7A;15;Yangambi;Grossera multinervis;;;11,9;12,69238577
MIX-L7A;4;Yangambi;Staudtia kamerunensis;;;12;12,74633952
MIX-L7A;12;Yangambi;Dialium pachyphyllum;;;12,1;12,80007201
MIX-L7A;14;Yangambi;Strombosia grandifolia;;;12,1;12,80007201
MIX-L7A;14;Yangambi;Anonidium mannii;;;12,1;12,80007201
MIX-L7A;16;Yangambi;Microdesmis yafungana;;;12,1;12,80007201
MIX-L7A;16;Yangambi;Polyalthia suaveolens;;;12,1;12,80007201
MIX-L7A;5;Yangambi;Microdesmis yafungana;;;12,2;12,85358598
MIX-L7A;7;Yangambi;Drypetes indet;;;12,2;12,85358598
MIX-L7A;10;Yangambi;Leplaea thompsonii;;;12,2;12,85358598
MIX-L7A;12;Yangambi;Pancovia harmsiana;;;12,2;12,85358598
MIX-L7A;9;Yangambi;Diospyros crassiflora;;;12,3;12,90688409
MIX-L7A;1;Yangambi;Cola griseiflora;;;12,5;13,01284313
MIX-L7A;4;Yangambi;Cola griseiflora;;;12,5;13,01284313
MIX-L7A;7;Yangambi;Microdesmis yafungana;;;12,5;13,01284313
MIX-L7A;8;Yangambi;Microdesmis yafungana;;;12,5;13,01284313
MIX-L7A;13;Yangambi;Microdesmis yafungana;;;12,5;13,01284313
MIX-L7A;6;Yangambi;Grossera multinervis;;;12,6;13,06550914
MIX-L7A;3;Yangambi;Pancovia harmsiana;;;12,7;13,11796944
MIX-L7A;3;Yangambi;Cola griseiflora;;;12,7;13,11796944
MIX-L7A;9;Yangambi;Cola griseiflora;;;12,7;13,11796944
MIX-L7A;11;Yangambi;Strombosia grandifolia;;;12,7;13,11796944
MIX-L7A;11;Yangambi;Grossera multinervis;;;12,7;13,11796944
MIX-L7A;15;Yangambi;Microdesmis yafungana;;;12,7;13,11796944
MIX-L7A;16;Yangambi;Grossera multinervis;;;12,7;13,11796944
MIX-L7A;16;Yangambi;Cola griseiflora;;;12,8;13,17022645
MIX-L7A;3;Yangambi;Microdesmis yafungana;;;12,9;13,22228253
MIX-L7A;6;Yangambi;Cola griseiflora;;;12,9;13,22228253
MIX-L7A;13;Yangambi;Microdesmis yafungana;;;12,9;13,22228253
MIX-L7A;4;Yangambi;Carapa procera;;;13;13,27414001
MIX-L7A;8;Yangambi;Panda oleosa;;;13;13,27414001
MIX-L7A;14;Yangambi;Cola griseiflora;;;13;13,27414001
MIX-L7A;16;Yangambi;Microdesmis yafungana;;;13;13,27414001
MIX-L7A;4;Yangambi;Pancovia harmsiana;;;13,1;13,32580116
MIX-L7A;8;Yangambi;Diospyros crassiflora;;;13,1;13,32580116
MIX-L7A;13;Yangambi;Myrianthus arboreus;;;13,1;13,32580116
MIX-L7A;12;Yangambi;Microdesmis yafungana;;;13,2;13,37726821
MIX-L7A;13;Yangambi;Grossera multinervis;;;13,2;13,37726821
MIX-L7A;13;Yangambi;Rinorea oblongifolia;;;13,3;13,42854335
MIX-L7A;2;Yangambi;Cola griseiflora;;;13,4;13,47962874
MIX-L7A;6;Yangambi;Staudtia kamerunensis;;;13,4;13,47962874
MIX-L7A;8;Yangambi;Diospyros hoyleana;;;13,5;13,53052649
MIX-L7A;9;Yangambi;Tridesmostemon omphalocarpoides;;;13,5;13,53052649
MIX-L7A;10;Yangambi;Leplaea thompsonii;;;13,5;13,53052649
MIX-L7A;3;Yangambi;Cola griseiflora;;;13,6;13,58123867
MIX-L7A;6;Yangambi;Pancovia harmsiana;;;13,6;13,58123867
MIX-L7A;7;Yangambi;Staudtia kamerunensis;;;13,6;13,58123867
MIX-L7A;9;Yangambi;Staudtia kamerunensis;;;13,6;13,58123867
MIX-L7A;12;Yangambi;Maranthes glabra;;;13,6;13,58123867
MIX-L7A;15;Yangambi;Rinorea indet;;;13,6;13,58123867
MIX-L7A;4;Yangambi;Cola griseiflora;;;13,7;13,63176731
MIX-L7A;4;Yangambi;Staudtia kamerunensis;;;13,7;13,63176731
MIX-L7A;6;Yangambi;Cola griseiflora;;;13,7;13,63176731
MIX-L7A;9;Yangambi;Garcinia epunctata;;;13,7;13,63176731
MIX-L7A;11;Yangambi;Diospyros crassiflora;;;13,7;13,63176731
MIX-L7A;14;Yangambi;Drypetes gossweileri;;;13,8;13,68211441
MIX-L7A;5;Yangambi;Microdesmis yafungana;;;13,9;13,73228193
MIX-L7A;12;Yangambi;Pancovia laurentii;;;13,9;13,73228193
MIX-L7A;1;Yangambi;Cola griseiflora;;;14;13,78227179
MIX-L7A;6;Yangambi;Microdesmis yafungana;;;14;13,78227179
MIX-L7A;15;Yangambi;Panda oleosa;;;14,2;13,88172608
MIX-L7A;10;Yangambi;Staudtia kamerunensis;;;14,3;13,9311942
MIX-L7A;2;Yangambi;Polyalthia suaveolens;;;14,4;13,98049202
MIX-L7A;4;Yangambi;Microdesmis yafungana;;;14,4;13,98049202
MIX-L7A;13;Yangambi;Cola griseiflora;;;14,5;14,02962132
MIX-L7A;15;Yangambi;Garcinia punctata;;;14,5;14,02962132
MIX-L7A;15;Yangambi;Grossera multinervis;;;14,5;14,02962132
MIX-L7A;11;Yangambi;Staudtia kamerunensis;;;14,6;14,07858384
MIX-L7A;12;Yangambi;Polyalthia suaveolens;;;14,6;14,07858384
MIX-L7A;5;Yangambi;Cola griseiflora;;;14,7;14,12738126
MIX-L7A;6;Yangambi;Cola griseiflora;;;14,7;14,12738126
MIX-L7A;13;Yangambi;Trichilia prieuriana;;;14,8;14,17601527
MIX-L7A;3;Yangambi;Pancovia harmsiana;;;14,9;14,22448751
MIX-L7A;14;Yangambi;Leplaea thompsonii;;;14,9;14,22448751
MIX-L7A;15;Yangambi;Scorodophloeus zenkeri;;;14,9;14,22448751
MIX-L7A;3;Yangambi;Diospyros crassiflora;;;15;14,2727996
MIX-L7A;6;Yangambi;Grossera multinervis;;;15;14,2727996
MIX-L7A;8;Yangambi;Drypetes gossweileri;;;15;14,2727996
MIX-L7A;16;Yangambi;Microdesmis yafungana;;;15;14,2727996
MIX-L7A;3;Yangambi;Pancovia harmsiana;;;15,1;14,32095313
MIX-L7A;3;Yangambi;Trichilia indet;;;15,2;14,36894967
MIX-L7A;3;Yangambi;Pancovia harmsiana;;;15,2;14,36894967
MIX-L7A;8;Yangambi;Microdesmis yafungana;;;15,3;14,41679075
MIX-L7A;14;Yangambi;Polyalthia suaveolens;;;15,4;14,4644779
MIX-L7A;1;Yangambi;Garcinia epunctata;;;15,5;14,51201259
MIX-L7A;2;Yangambi;Cola lateritia;;;15,5;14,51201259
MIX-L7A;5;Yangambi;Microdesmis yafungana;;;15,5;14,51201259
MIX-L7A;5;Yangambi;Cola griseiflora;;;15,5;14,51201259
MIX-L7A;6;Yangambi;Grossera multinervis;;;15,5;14,51201259
MIX-L7A;8;Yangambi;Cola griseiflora;;;15,5;14,51201259
MIX-L7A;10;Yangambi;Drypetes spinosodentata;;;15,5;14,51201259
MIX-L7A;15;Yangambi;Panda oleosa;;;15,5;14,51201259
MIX-L7A;4;Yangambi;Vitex congolensis;;;15,6;14,55939631
MIX-L7A;5;Yangambi;Pleiocarpa pycnantha;;;15,7;14,60663048
MIX-L7A;11;Yangambi;Microdesmis yafungana;;;15,7;14,60663048
MIX-L7A;2;Yangambi;Strombosia pustulata;;;15,8;14,65371653
MIX-L7A;8;Yangambi;Microdesmis yafungana;;;15,8;14,65371653
MIX-L7A;11;Yangambi;Pancovia harmsiana;;;15,8;14,65371653
MIX-L7A;1;Yangambi;Garcinia epunctata;;;15,9;14,70065586
MIX-L7A;5;Yangambi;Cola griseiflora;;;15,9;14,70065586
MIX-L7A;14;Yangambi;Polyalthia suaveolens;;;15,9;14,70065586
MIX-L7A;4;Yangambi;Staudtia kamerunensis;;;16;14,74744985
MIX-L7A;5;Yangambi;Cola griseiflora;;;16;14,74744985
MIX-L7A;11;Yangambi;Cola griseiflora;;;16;14,74744985
MIX-L7A;15;Yangambi;Panda oleosa;;;16,1;14,79409984
MIX-L7A;1;Yangambi;Cola griseiflora;;;16,2;14,84060718
MIX-L7A;2;Yangambi;Panda oleosa;;;16,2;14,84060718
MIX-L7A;9;Yangambi;Polyalthia suaveolens;;;16,2;14,84060718
MIX-L7A;11;Yangambi;Pancovia harmsiana;;;16,2;14,84060718
MIX-L7A;10;Yangambi;Microdesmis yafungana;;;16,3;14,88697316
MIX-L7A;4;Yangambi;Microdesmis yafungana;;;16,4;14,9331991
MIX-L7A;12;Yangambi;Leplaea thompsonii;;;16,4;14,9331991
MIX-L7A;13;Yangambi;Microdesmis yafungana;;;16,4;14,9331991
MIX-L7A;4;Yangambi;Pancovia harmsiana;;;16,5;14,97928625
MIX-L7A;8;Yangambi;Garcinia epunctata;;;16,5;14,97928625
MIX-L7A;10;Yangambi;Pancovia harmsiana;;;16,5;14,97928625
MIX-L7A;12;Yangambi;Grewia pinnatifida;;;16,5;14,97928625
MIX-L7A;13;Yangambi;Microdesmis yafungana;;;16,5;14,97928625
MIX-L7A;14;Yangambi;Microdesmis yafungana;;;16,5;14,97928625
MIX-L7A;4;Yangambi;Strombosiopsis tetrandra;;;16,6;15,02523588
MIX-L7A;9;Yangambi;Pancovia harmsiana;;;16,6;15,02523588
MIX-L7A;7;Yangambi;Prioria balsamifera;;;16,7;15,07104921
MIX-L7A;8;Yangambi;Pancovia harmsiana;;;16,7;15,07104921
MIX-L7A;14;Yangambi;Microdesmis yafungana;;;16,8;15,11672748
MIX-L7A;16;Yangambi;Cola griseiflora;;;16,8;15,11672748
MIX-L7A;13;Yangambi;Microdesmis yafungana;;;16,9;15,16227186
MIX-L7A;5;Yangambi;Chrysophyllum lacourtianum;;;17;15,20768355
MIX-L7A;5;Yangambi;Pleiocarpa pycnantha;;;17;15,20768355
MIX-L7A;1;Yangambi;Grossera multinervis;;;17,1;15,25296371
MIX-L7A;5;Yangambi;Microdesmis yafungana;;;17,2;15,29811349
MIX-L7A;9;Yangambi;Diospyros boala;;;17,2;15,29811349
MIX-L7A;2;Yangambi;Microdesmis yafungana;;;17,4;15,3880264
MIX-L7A;9;Yangambi;Grossera multinervis;;;17,4;15,3880264
MIX-L7A;15;Yangambi;Pentaclethra macrophylla;;;17,4;15,3880264
MIX-L7A;16;Yangambi;Cola griseiflora;;;17,4;15,3880264
MIX-L7A;1;Yangambi;Microdesmis yafungana;;;17,5;15,43279174
MIX-L7A;6;Yangambi;Cola griseiflora;;;17,5;15,43279174
MIX-L7A;9;Yangambi;Garcinia epunctata;;;17,6;15,47743113
MIX-L7A;9;Yangambi;Microdesmis yafungana;;;17,6;15,47743113
MIX-L7A;9;Yangambi;Strombosia grandifolia;;;17,8;15,56633627
MIX-L7A;14;Yangambi;Pancovia harmsiana;;;17,8;15,56633627
MIX-L7A;16;Yangambi;Drypetes gossweileri;;;18;15,65475018
MIX-L7A;2;Yangambi;Cola griseiflora;;;18,3;15,78646773
MIX-L7A;11;Yangambi;Panda oleosa;;;18,4;15,83013663
MIX-L7A;12;Yangambi;Cola griseiflora;;;18,4;15,83013663
MIX-L7A;1;Yangambi;Cola griseiflora;;;18,5;15,87368866
MIX-L7A;6;Yangambi;Tridesmostemon omphalocarpoides;;;18,5;15,87368866
MIX-L7A;12;Yangambi;Strombosia grandifolia;;;18,5;15,87368866
MIX-L7A;13;Yangambi;Trichilia gilgiana;;;18,5;15,87368866
MIX-L7A;13;Yangambi;Microdesmis yafungana;;;18,5;15,87368866
MIX-L7A;12;Yangambi;Chrysophyllum africanum;;;18,7;15,96044585
MIX-L7A;4;Yangambi;Strombosia grandifolia;;;18,8;16,00365287
MIX-L7A;5;Yangambi;Diospyros crassiflora;;;18,8;16,00365287
MIX-L7A;7;Yangambi;Grossera multinervis;;;18,8;16,00365287
MIX-L7A;2;Yangambi;Microdesmis yafungana;;;18,9;16,0467467
MIX-L7A;6;Yangambi;Grossera multinervis;;;18,9;16,0467467
MIX-L7A;7;Yangambi;Microdesmis yafungana;;;18,9;16,0467467
MIX-L7A;12;Yangambi;Scorodophloeus zenkeri;;;18,9;16,0467467
MIX-L7A;6;Yangambi;Strombosia pustulata;;;19,1;16,1325984
MIX-L7A;14;Yangambi;Microdesmis yafungana;;;19,1;16,1325984
MIX-L7A;9;Yangambi;Polyalthia suaveolens;;;19,3;16,21800794
MIX-L7A;13;Yangambi;Microdesmis yafungana;;;19,4;16,26054905
MIX-L7A;9;Yangambi;Microdesmis yafungana;;;19,5;16,30298216
MIX-L7A;12;Yangambi;Strombosia grandifolia;;;19,5;16,30298216
MIX-L7A;4;Yangambi;Microdesmis yafungana;;;19,7;16,3875277
MIX-L7A;13;Yangambi;Entandrophragma cylindricum;;;19,7;16,3875277
MIX-L7A;3;Yangambi;Scorodophloeus zenkeri;;;19,9;16,47165105
MIX-L7A;14;Yangambi;Polyalthia suaveolens;;;20;16,51355638
MIX-L7A;12;Yangambi;Microdesmis yafungana;;;20,1;16,55535852
MIX-L7A;3;Yangambi;Pancovia harmsiana;;;20,3;16,63865629
MIX-L7A;4;Yangambi;Microdesmis yafungana;;;20,3;16,63865629
MIX-L7A;6;Yangambi;Cola griseiflora;;;20,3;16,63865629
MIX-L7A;11;Yangambi;Rinorea indet;;;20,3;16,63865629
MIX-L7A;12;Yangambi;Dialium pachyphyllum;;;20,3;16,63865629
MIX-L7A;4;Yangambi;Microdesmis yafungana;;;20,4;16,68015341
MIX-L7A;16;Yangambi;Chrysophyllum lacourtianum;;;20,4;16,68015341
MIX-L7A;3;Yangambi;Cola griseiflora;;;20,5;16,72155035
MIX-L7A;8;Yangambi;Scorodophloeus zenkeri;;;20,5;16,72155035
MIX-L7A;12;Yangambi;Panda oleosa;;;20,5;16,72155035
MIX-L7A;10;Yangambi;Microdesmis yafungana;;;20,7;16,80404659
MIX-L7A;13;Yangambi;Strombosia pustulata;;;20,7;16,80404659
MIX-L7A;3;Yangambi;Panda oleosa;;;20,9;16,88615072
MIX-L7A;5;Yangambi;Microdesmis yafungana;;;20,9;16,88615072
MIX-L7A;12;Yangambi;Grossera multinervis;;;20,9;16,88615072
MIX-L7A;15;Yangambi;Grossera multinervis;;;21,1;16,96786833
MIX-L7A;16;Yangambi;Drypetes spinosodentata;;;21,2;17,0085839
MIX-L7A;16;Yangambi;Dialium pachyphyllum;;;21,2;17,0085839
MIX-L7A;11;Yangambi;Garcinia kola;;;21,4;17,08973193
MIX-L7A;7;Yangambi;Polyalthia suaveolens;;;21,5;17,13016571
MIX-L7A;5;Yangambi;Pleiocarpa pycnantha;;;21,7;17,21075601
MIX-L7A;11;Yangambi;Microdesmis yafungana;;;21,7;17,21075601
MIX-L7A;4;Yangambi;Panda oleosa;;;21,9;17,29098088
MIX-L7A;6;Yangambi;Polyalthia suaveolens;;;21,9;17,29098088
MIX-L7A;10;Yangambi;Anonidium mannii;;;22;17,33095784
MIX-L7A;14;Yangambi;Microdesmis yafungana;;;22,1;17,37084529
MIX-L7A;6;Yangambi;Polyalthia suaveolens;;;22,2;17,41064384
MIX-L7A;14;Yangambi;Cola griseiflora;;;22,2;17,41064384
MIX-L7A;16;Yangambi;Grossera multinervis;;;22,2;17,41064384
MIX-L7A;14;Yangambi;Polyalthia suaveolens;;;22,4;17,48997663
MIX-L7A;8;Yangambi;Staudtia kamerunensis;;;22,5;17,52951205
MIX-L7A;10;Yangambi;Microdesmis yafungana;;;22,5;17,52951205
MIX-L7A;1;Yangambi;Strombosia pustulata;;;22,6;17,56896091
MIX-L7A;4;Yangambi;Cola griseiflora;;;22,6;17,56896091
MIX-L7A;11;Yangambi;Panda oleosa;;;22,6;17,56896091
MIX-L7A;9;Yangambi;Scorodophloeus zenkeri;;;22,7;17,6083238
MIX-L7A;13;Yangambi;Anonidium mannii;;;22,7;17,6083238
MIX-L7A;5;Yangambi;Staudtia kamerunensis;;;22,8;17,64760127
MIX-L7A;6;Yangambi;Strombosiopsis tetrandra;;;22,9;17,68679389
MIX-L7A;6;Yangambi;Grossera multinervis;;;23;17,7259022
MIX-L7A;8;Yangambi;Microdesmis yafungana;;;23;17,7259022
MIX-L7A;13;Yangambi;Microdesmis yafungana;;;23;17,7259022
MIX-L7A;1;Yangambi;Diospyros crassiflora;;;23,2;17,80386811
MIX-L7A;11;Yangambi;Grossera multinervis;;;23,2;17,80386811
MIX-L7A;12;Yangambi;Panda oleosa;;;23,2;17,80386811
MIX-L7A;1;Yangambi;Microdesmis yafungana;;;23,3;17,84272677
MIX-L7A;2;Yangambi;Grossera multinervis;;;23,5;17,92019818
MIX-L7A;10;Yangambi;Pancovia harmsiana;;;23,5;17,92019818
MIX-L7A;8;Yangambi;Microdesmis yafungana;;;23,6;17,95881196
MIX-L7A;4;Yangambi;Microdesmis yafungana;;;23,7;17,99734514
MIX-L7A;5;Yangambi;Drypetes gossweileri;;;23,7;17,99734514
MIX-L7A;3;Yangambi;Trichilia prieuriana;;;23,9;18,07417175
MIX-L7A;14;Yangambi;Strombosia grandifolia;;;23,9;18,07417175
MIX-L7A;4;Yangambi;Anonidium mannii;;;24,1;18,15068198
MIX-L7A;10;Yangambi;Scorodophloeus zenkeri;;;24,1;18,15068198
MIX-L7A;3;Yangambi;Strombosiopsis tetrandra;;;24,4;18,26486269
MIX-L7A;16;Yangambi;Strombosiopsis tetrandra;;;24,6;18,34059896
MIX-L7A;3;Yangambi;Polyalthia suaveolens;;;24,7;18,37835323
MIX-L7A;5;Yangambi;Strombosia pustulata;;;24,7;18,37835323
MIX-L7A;9;Yangambi;Pancovia harmsiana;;;24,9;18,45363634
MIX-L7A;1;Yangambi;Maranthes glabra;;;25;18,49116608
MIX-L7A;2;Yangambi;Panda oleosa;;;25,2;18,56600414
MIX-L7A;5;Yangambi;Prioria oxyphylla;;;25,2;18,56600414
MIX-L7A;10;Yangambi;Cola griseiflora;;;25,4;18,64054989
MIX-L7A;12;Yangambi;Drypetes gossweileri;;;25,5;18,67771422
MIX-L7A;9;Yangambi;Scorodophloeus zenkeri;;;25,6;18,71480676
MIX-L7A;5;Yangambi;Cynometra hankei;;;25,9;18,82565776
MIX-L7A;8;Yangambi;Cola lateritia;;;25,9;18,82565776
MIX-L7A;6;Yangambi;Scorodophloeus zenkeri;;;26,1;18,89920701
MIX-L7A;2;Yangambi;Microdesmis yafungana;;;26,5;19,04547648
MIX-L7A;3;Yangambi;Drypetes indet;;;26,6;19,08187341
MIX-L7A;15;Yangambi;Cola griseiflora;;;26,6;19,08187341
MIX-L7A;2;Yangambi;Cola griseiflora;;;26,8;19,15446542
MIX-L7A;16;Yangambi;Dialium pachyphyllum;;;26,9;19,19066125
MIX-L7A;10;Yangambi;Panda oleosa;;;27,3;19,33478533
MIX-L7A;13;Yangambi;Polyalthia suaveolens;;;27,6;19,44219624
MIX-L7A;16;Yangambi;Microdesmis yafungana;;;27,7;19,47787183
MIX-L7A;9;Yangambi;Polyalthia suaveolens;;;28,5;19,76102048
MIX-L7A;3;Yangambi;Microdesmis yafungana;;;28,6;19,79613701
MIX-L7A;4;Yangambi;Scorodophloeus zenkeri;;;28,7;19,83119305
MIX-L7A;10;Yangambi;Microdesmis yafungana;;;28,8;19,86618891
MIX-L7A;11;Yangambi;Anonidium mannii;;;29;19,93600133
MIX-L7A;1;Yangambi;Celtis tessmannii;;;29,2;20,00557674
MIX-L7A;2;Yangambi;Polyalthia suaveolens;;;29,2;20,00557674
MIX-L7A;5;Yangambi;Anonidium mannii;;;29,3;20,04027633
MIX-L7A;6;Yangambi;Polyalthia suaveolens;;;29,3;20,04027633
MIX-L7A;4;Yangambi;Polyalthia suaveolens;;;29,4;20,07491756
MIX-L7A;16;Yangambi;Panda oleosa;;;29,6;20,14402618
MIX-L7A;15;Yangambi;Cola griseiflora;;;29,7;20,17849414
MIX-L7A;15;Yangambi;Celtis mildbraedii;;;29,8;20,21290492
MIX-L7A;14;Yangambi;Polyalthia suaveolens;;;29,9;20,2472588
MIX-L7A;16;Yangambi;Strombosia pustulata;;;29,9;20,2472588
MIX-L7A;12;Yangambi;Polyalthia suaveolens;;;30,7;20,52007536
MIX-L7A;12;Yangambi;Strombosia pustulata;;;30,8;20,55392971
MIX-L7A;12;Yangambi;Panda oleosa;;;31,1;20,65516887
MIX-L7A;16;Yangambi;Polyalthia suaveolens;;;31,1;20,65516887
MIX-L7A;2;Yangambi;Klainedoxa gabonensis;;;31,2;20,68880816
MIX-L7A;12;Yangambi;Prioria oxyphylla;;;31,6;20,82283659
MIX-L7A;8;Yangambi;Staudtia kamerunensis;;;32,1;20,98920115
MIX-L7A;9;Yangambi;Scorodophloeus zenkeri;;;32,1;20,98920115
MIX-L7A;7;Yangambi;Dialium excelsum;;;33,1;21,31814043
MIX-L7A;3;Yangambi;Strombosia pustulata;;;33,2;21,35076318
MIX-L7A;13;Yangambi;Scorodophloeus zenkeri;;;33,2;21,35076318
MIX-L7A;12;Yangambi;Blighia welwitschii;;;34,3;21,7064648
MIX-L7A;13;Yangambi;Cynometra hankei;;;34,7;21,83441294
MIX-L7A;8;Yangambi;Microdesmis yafungana;;;34,9;21,89811427
MIX-L7A;2;Yangambi;Microdesmis yafungana;;;35,3;22,0249792
MIX-L7A;11;Yangambi;Anonidium mannii;;;35,3;22,0249792
MIX-L7A;6;Yangambi;Afrostyrax lepidophyllus;;;35,4;22,05658451
MIX-L7A;5;Yangambi;Scorodophloeus zenkeri;;;35,9;22,21395485
MIX-L7A;5;Yangambi;Polyalthia suaveolens;;;36,2;22,30785861
MIX-L7A;7;Yangambi;Trilepisium madagascariense;;;36,3;22,33907453
MIX-L7A;16;Yangambi;Strombosiopsis tetrandra;;;36,3;22,33907453
MIX-L7A;9;Yangambi;Scorodophloeus zenkeri;;;37,9;22,83288158
MIX-L7A;1;Yangambi;Anonidium mannii;;;38,2;22,92431817
MIX-L7A;3;Yangambi;Panda oleosa;;;38,3;22,95471829
MIX-L7A;7;Yangambi;Anonidium mannii;;;38,5;23,01540134
MIX-L7A;1;Yangambi;Drypetes indet;;;38,8;23,10613521
MIX-L7A;6;Yangambi;Trilepisium madagascariense;;;38,8;23,10613521
MIX-L7A;10;Yangambi;Scorodophloeus zenkeri;;;38,9;23,13630291
MIX-L7A;15;Yangambi;Polyalthia suaveolens;;;38,9;23,13630291
MIX-L7A;7;Yangambi;Panda oleosa;;;39,5;23,31651164
MIX-L7A;10;Yangambi;Scorodophloeus zenkeri;;;39,6;23,34641486
MIX-L7A;15;Yangambi;Anonidium mannii;;;40;23,46565701
MIX-L7A;10;Yangambi;Scorodophloeus zenkeri;;;40,5;23,61388588
MIX-L7A;10;Yangambi;Chrysophyllum lacourtianum;;;41,9;24,02419238
MIX-L7A;9;Yangambi;Polyalthia suaveolens;;;42;24,05323941
MIX-L7A;14;Yangambi;Polyalthia suaveolens;;;42,1;24,08225236
MIX-L7A;3;Yangambi;Prioria oxyphylla;;;42,2;24,11123135
MIX-L7A;5;Yangambi;Strombosiopsis tetrandra;;;43,1;24,37053353
MIX-L7A;14;Yangambi;Polyalthia suaveolens;;;43,9;24,59879165
MIX-L7A;4;Yangambi;Strombosiopsis tetrandra;;;44,9;24,88124909
MIX-L7A;5;Yangambi;Strombosia pustulata;;;45;24,90932345
MIX-L7A;16;Yangambi;Anonidium mannii;;;45;24,90932345
MIX-L7A;13;Yangambi;Staudtia kamerunensis;;;45,2;24,96538003
MIX-L7A;10;Yangambi;Scorodophloeus zenkeri;;;46,4;25,29918164
MIX-L7A;7;Yangambi;Scorodophloeus zenkeri;;;47,5;25,60144624
MIX-L7A;11;Yangambi;Panda oleosa;;;47,6;25,62875286
MIX-L7A;6;Yangambi;Synsepalum subcordatum;;;47,8;25,68328136
MIX-L7A;15;Yangambi;Anonidium mannii;;;47,8;25,68328136
MIX-L7A;14;Yangambi;Anonidium mannii;;;48,1;25,76486362
MIX-L7A;11;Yangambi;Scorodophloeus zenkeri;;;48,3;25,81911247
MIX-L7A;15;Yangambi;Pterygota bequaertii;;;48,3;25,81911247
MIX-L7A;9;Yangambi;Scorodophloeus zenkeri;;;49,5;26,14230541
MIX-L7A;10;Yangambi;Chrysophyllum lacourtianum;;;50;26,27582761
MIX-L7A;1;Yangambi;Scorodophloeus zenkeri;;;50,2;26,32905204
MIX-L7A;2;Yangambi;Cola lateritia;;;51;26,54091133
MIX-L7A;14;Yangambi;Scorodophloeus zenkeri;;;51,1;26,56727817
MIX-L7A;7;Yangambi;Scorodophloeus zenkeri;;;51,5;26,67249198
MIX-L7A;10;Yangambi;Pterygota bequaertii;;;52,1;26,82956002
MIX-L7A;11;Yangambi;Scorodophloeus zenkeri;;;52,6;26,95976998
MIX-L7A;5;Yangambi;Strombosia pustulata;;;53,7;27,24410053
MIX-L7A;14;Yangambi;Erythrophleum suaveolens;;;54;27,32114559
MIX-L7A;16;Yangambi;Ongokea gore;;;54,2;27,37239176
MIX-L7A;10;Yangambi;Anonidium mannii;;;55,3;27,65259403
MIX-L7A;12;Yangambi;Scorodophloeus zenkeri;;;56,3;27,90494778
MIX-L7A;13;Yangambi;Scorodophloeus zenkeri;;;56,3;27,90494778
MIX-L7A;8;Yangambi;Scorodophloeus zenkeri;;;57,2;28,13018289
MIX-L7A;5;Yangambi;Strombosia pustulata;;;57,4;28,17999729
MIX-L7A;3;Yangambi;Anonidium mannii;;;57,6;28,22972618
MIX-L7A;7;Yangambi;Scorodophloeus zenkeri;;;58;28,32892918
MIX-L7A;11;Yangambi;Scorodophloeus zenkeri;;;58;28,32892918
MIX-L7A;9;Yangambi;Scorodophloeus zenkeri;;;58,7;28,5017261
MIX-L7A;12;Yangambi;Scorodophloeus zenkeri;;;59;28,57547074
MIX-L7A;10;Yangambi;Celtis mildbraedii;;;60;28,81996026
MIX-L7A;2;Yangambi;Scorodophloeus zenkeri;;;60,3;28,89291462
MIX-L7A;12;Yangambi;Strombosia grandifolia;;;60,3;28,89291462
MIX-L7A;14;Yangambi;Scorodophloeus zenkeri;;;60,3;28,89291462
MIX-L7A;12;Yangambi;Drypetes indet;;;60,7;28,98990928
MIX-L7A;14;Yangambi;Blighia welwitschii;;;64;29,7783848
MIX-L7A;1;Yangambi;Prioria oxyphylla;;;64,2;29,82551933
MIX-L7A;16;Yangambi;Staudtia kamerunensis;;;64,2;29,82551933
MIX-L7A;4;Yangambi;Scorodophloeus zenkeri;;;65,2;30,06011343
MIX-L7A;2;Yangambi;Scorodophloeus zenkeri;;;65,4;30,10681884
MIX-L7A;9;Yangambi;Strombosiopsis tetrandra;;;66,1;30,26973567
MIX-L7A;12;Yangambi;Cynometra hankei;;;66,5;30,36244917
MIX-L7A;5;Yangambi;Strombosia pustulata;;;67,2;30,52403854
MIX-L7A;2;Yangambi;Petersianthus macrocarpus;;;68,3;30,77629693
MIX-L7A;10;Yangambi;Scorodophloeus zenkeri;;;70,2;31,20734275
MIX-L7A;3;Yangambi;Klainedoxa gabonensis;;;70,6;31,29735325
MIX-L7A;9;Yangambi;Chrysophyllum beguei;;;71,9;31,58816394
MIX-L7A;16;Yangambi;Chrysophyllum lacourtianum;;;72,5;31,72150941
MIX-L7A;1;Yangambi;Strombosia pustulata;;;73,1;31,85431183
MIX-L7A;16;Yangambi;Petersianthus macrocarpus;;;74,1;32,07446037
MIX-L7A;7;Yangambi;Erythrophleum suaveolens;;;74,3;32,11831392
MIX-L7A;5;Yangambi;Scorodophloeus zenkeri;;;80,1;33,36566854
MIX-L7A;6;Yangambi;Amphimas pterocarpoides;;;80,7;33,49212501
MIX-L7A;13;Yangambi;Cynometra hankei;;;82;33,76453325
MIX-L7A;1;Yangambi;Strombosiopsis tetrandra;;;82,6;33,88954162
MIX-L7A;8;Yangambi;Prioria balsamifera;;;90,3;35,45574615
MIX-L7A;5;Yangambi;Cynometra hankei;;;100,5;37,43229764
MIX-L7A;6;Yangambi;Cynometra hankei;;;110;39,1859573
MIX-L7A;14;Yangambi;Entandrophragma angolense;;;120;40,95297746
MIX-L7A;15;Yangambi;Combretum lokele;;;130;42,64875856
